dataset,steps,lr,delta,mean,sd,set_id,candidate_id,failed_seeds,initial_mse,train_mse,function_step,layer_motion,gradient_rms,late_variance,paired_seeds_verified
sym_0c2620,256,0.0001,0.0256,0.5424496412277222,0.006520440173340948,exp:9188999e597c,6a6e8d09,,,,,,,,False
sym_0c2620,256,0.0003,0.0768,0.532442182302475,0.013335640369475587,exp:9188999e597c,539f7fec,,,,,,,,False
sym_0c2620,256,0.001,0.256,0.4842450350522995,0.03905536019302266,exp:9188999e597c,c9582705,,,,,,,,False
sym_0c2620,256,0.003,0.768,0.3424756348133087,0.03373734564455545,exp:9188999e597c,74bc14f4,,,,,,,,False
sym_0c2620,1024,0.0001,0.1024,0.4970038592815399,0.012619445349476389,exp:9188999e597c,64441e73,,,,,,,,False
sym_0c2620,1024,0.0003,0.3072,0.30805301666259766,0.017737080681287147,exp:9188999e597c,77813a11,,,,,,,,False
sym_0c2620,1024,0.001,1.024,0.2733307421207428,0.01524787879280069,exp:9188999e597c,dae36f37,,,,,,,,False
sym_0c2620,1024,0.003,3.072,0.2363829419016838,0.03895955924577983,exp:9188999e597c,fb673f7b,,,,,,,,False
sym_0c2620,2048,0.0001,0.2048,0.35313760340213773,0.027433691288464224,exp:34aa6df219ff,4a8090f7,,,,,,,,False
sym_0c2620,2048,0.0003,0.6144,0.2767713040113449,0.010389624851334541,exp:34aa6df219ff,584225d4,,,,,,,,False
sym_0c2620,2048,0.001,2.048,0.23214282095432281,0.03130188525764159,exp:9188999e597c,a0c313ee,,,,,,,,False
sym_0c2620,2048,0.003,6.144,0.01578240436501801,0.010923854122893463,exp:34aa6df219ff,a6191ae3,,,,,,,,False
mvar_000e80,256,0.0001,0.0256,1.4119104146957397,0.1787726668803168,exp:b1ebf9ecda47,ced8f9b3,,,,,,,,False
mvar_000e80,256,0.0003,0.0768,0.7789269804954528,0.2058458136585985,exp:46dafe43cf05,17c5a5d3,,,,,,,,False
mvar_000e80,256,0.001,0.256,0.6480974376201629,0.03491701975394686,exp:b1ebf9ecda47,8bde4b1c,,,,,,,,False
mvar_000e80,256,0.003,0.768,0.6973288774490356,0.06545850782030824,exp:46dafe43cf05,77fa3e8e,,,,,,,,False
mvar_000e80,1024,0.0001,0.1024,0.6251956999301911,0.016346872096201795,exp:b1ebf9ecda47,5399d7b6,,,,,,,,False
mvar_000e80,1024,0.0003,0.3072,0.6434401333332062,0.02713567329899404,exp:b1ebf9ecda47,eeb9d3ef,,,,,,,,False
mvar_000e80,1024,0.001,1.024,0.6684577703475952,0.0298489982215307,exp:b1ebf9ecda47,6c21f84e,,,,,,,,False
mvar_000e80,1024,0.003,3.072,0.6931630790233612,0.07308700074505653,exp:b1ebf9ecda47,8632defe,,,,,,,,False
mvar_000e80,2048,0.0001,0.2048,0.6400789141654968,0.02190496068972619,exp:b1ebf9ecda47,98de5f9a,,,,,,,,False
mvar_000e80,2048,0.0003,0.6144,0.6515245378017426,0.02805587726554451,exp:46dafe43cf05,1e499510,,,,,,,,False
mvar_000e80,2048,0.001,2.048,0.6590861320495606,0.03358442740530952,exp:b1ebf9ecda47,40546d31,,,,,,,,False
mvar_000e80,2048,0.003,6.144,0.704817819595337,0.04936562122263214,exp:46dafe43cf05,0a065442,,,,,,,,False
mvar_5a829e,256,0.0001,0.0256,0.0013655096292495728,0.00020348305187646405,exp:72201b637132,5d0f23ba,,,,,,,,False
mvar_5a829e,256,0.0003,0.0768,0.0007891320332419127,0.0001597991608413582,exp:72201b637132,2449b65f,,,,,,,,False
mvar_5a829e,256,0.001,0.256,0.0009144256415311247,0.0002474404965219679,exp:630c92c3db03,edf4c125,,,,,,,,False
mvar_5a829e,256,0.003,0.768,0.0010326222924049943,0.0002709126523075222,exp:72201b637132,0ffe2bc9,,,,,,,,False
mvar_5a829e,1024,0.0001,0.1024,0.0005163138150237501,8.026297488362714e-05,exp:72201b637132,4609d863,,,,,,,,False
mvar_5a829e,1024,0.0003,0.3072,0.0016621402464807034,0.0028054313132716575,exp:72201b637132,99f12c6a,,,,,,,,False
mvar_5a829e,1024,0.001,1.024,0.002226679353043437,0.0037611451876029866,exp:72201b637132,f78ce0c2,,,,,,,,False
mvar_5a829e,1024,0.003,3.072,0.0020369102130644023,0.0011144325486059355,exp:72201b637132,7779cb0e,,,,,,,,False
mvar_5a829e,2048,0.0001,0.2048,0.0006219560775207356,0.0003416251318685588,exp:72201b637132,4ddd7e6a,,,,,,,,False
mvar_5a829e,2048,0.0003,0.6144,0.000798964174464345,0.00019905261350730693,exp:72201b637132,e28fb3be,,,,,,,,False
mvar_5a829e,2048,0.001,2.048,0.0014357934764120729,0.0006892763783589082,exp:630c92c3db03,57134761,,,,,,,,False
mvar_5a829e,2048,0.003,6.144,0.001872121635824442,0.0006492408097637763,exp:72201b637132,3dccea56,,,,,,,,False
