dataset,source,T,batch,low,high,ratio,diff,paired_se,high_wins,median_diff
mvar_0eb811,REUSED,256,16,0.8434875309467316,0.898544716835022,1.0652732658970006,0.05505718588829041,0.018420188279260123,1,0.039652109146118164
mvar_0eb811,REUSED,512,16,0.7556426465511322,0.8157600700855255,1.0795580077550921,0.06011742353439331,0.018456616776289014,1,0.06927451491355896
mvar_0eb811,REUSED,1024,16,0.5654258847236633,0.4779737234115601,0.8453339974790098,-0.08745216131210327,0.02218003349321271,10,-0.07179650664329529
mvar_0eb811,REUSED,2048,16,0.4104915112257004,0.18657234013080598,0.4545096184174756,-0.2239191710948944,0.027616763516879833,10,-0.2341354787349701
mvar_133302,REUSED,256,16,0.49760841727256777,0.5289001703262329,1.0628842920808652,0.03129175305366516,0.009032351486345652,1,0.03201529383659363
mvar_133302,REUSED,512,16,0.4572980344295502,0.462290546298027,1.0109174137927461,0.0049925118684768675,0.019388806532378497,5,0.0018173307180404663
mvar_133302,REUSED,1024,16,0.38785176575183866,0.29873469173908235,0.7702290362401584,-0.08911707401275634,0.01713354819423031,10,-0.09741449356079102
mvar_133302,REUSED,2048,16,0.2983633816242218,0.06490504406392575,0.21753689648708757,-0.23345833756029605,0.014557104887131349,10,-0.2512316033244133
mvar_183f73,fresh:nested,256,16,0.3633453160524368,0.33201114237308504,0.9137619991368494,-0.031334173679351804,0.01157749045730963,8,-0.031669408082962036
mvar_183f73,fresh:nested,512,16,0.3257204324007034,0.2967143654823303,0.910947966313978,-0.029006066918373107,0.00587263654235125,10,-0.026726290583610535
mvar_183f73,fresh:nested,1024,16,0.2954364240169525,0.20602719038724898,0.6973655705209418,-0.08940923362970352,0.024817850122958823,9,-0.10111656785011292
mvar_183f73,fresh:nested,2048,16,0.2594167858362198,0.036770752258598806,0.14174392046401213,-0.22264603357762097,0.006067413669500221,10,-0.22695229575037956
mvar_5a829e,REUSED,256,16,0.005213052639737726,0.0009144256415311247,0.1754107822661715,-0.0042986269982066005,0.00025802862703320546,10,-0.004569028096739203
mvar_5a829e,REUSED,512,16,0.0020002747187390924,0.002334104588953778,1.1668920109259397,0.0003338298702146858,0.0006764695636244218,6,-0.0005133281811140478
mvar_5a829e,REUSED,1024,16,0.0010009040299337358,0.002226679353043437,2.2246681864102924,0.0012257753231097012,0.0012588531258382978,6,-0.00011782418005168438
mvar_5a829e,REUSED,2048,16,0.0006086566136218607,0.0014357934764120729,2.3589548594046597,0.000827136862790212,0.00024215257351293133,0,0.0005481659027282149
mvar_6fea20,fresh:heldout,256,16,0.5140088617801666,0.6097336888313294,1.1862318612944514,0.09572482705116273,0.026406624294790345,1,0.06990835070610046
mvar_6fea20,fresh:heldout,512,16,0.45467355847358704,0.4931939750909805,1.0847210397426954,0.03852041661739349,0.01814609749014932,3,0.04465293884277344
mvar_6fea20,fresh:heldout,1024,16,0.3798490703105927,0.35459216237068175,0.9335080432887225,-0.025256907939910887,0.01177329890750007,8,-0.03287898004055023
mvar_6fea20,fresh:heldout,2048,16,0.27975033819675443,0.13805973380804062,0.49351051619083386,-0.14169060438871384,0.005227399327849785,10,-0.14504393935203552
mvar_93e6af,REUSED,256,16,0.0017301515676081181,0.0006150808483653236,0.35550691620367925,-0.0011150707192427944,0.00019931752519008743,9,-0.0012146935223427135
mvar_93e6af,REUSED,512,16,0.0003429112446610816,0.0006157430387247586,1.7956338507748033,0.0002728317940636771,0.00019519721877493532,4,9.579162724548951e-05
mvar_93e6af,REUSED,1024,16,7.607516090502031e-05,0.0014056989140954102,18.477764586662165,0.0013296237531903899,0.0006352450586476582,2,0.00010889835903071798
mvar_93e6af,REUSED,2048,16,3.16561203362653e-05,0.003978471451137011,125.67779654853246,0.0039468153308007455,0.0029504776673251773,1,0.00029668407387362095
mvar_a59d63,fresh:nested_offset,256,16,0.31506516337394713,0.13698178082704543,0.4347728557487753,-0.1780833825469017,0.017757926886664877,10,-0.1847674772143364
mvar_a59d63,fresh:nested_offset,512,16,0.16165510565042496,0.15203540474176408,0.9404924399389943,-0.009619700908660888,0.009640065022052838,8,-0.01701425015926361
mvar_a59d63,fresh:nested_offset,1024,16,0.11132551580667496,0.12735239639878274,1.1439641260673756,0.016026880592107773,0.008518605680791854,2,0.004583101719617844
mvar_a59d63,fresh:nested_offset,2048,16,0.10382850170135498,0.10735047161579132,1.0339210318623946,0.0035219699144363402,0.0059329524417909285,6,-0.00018759816884994507
mvar_c7715a,fresh:offset,256,16,0.06159804314374924,0.00043221598607487974,0.007016716181490248,-0.06116582715767436,0.003378495860656855,10,-0.06046625517774373
mvar_c7715a,fresh:offset,512,16,0.006101928977295756,0.00023805118835298344,0.03901244823378502,-0.005863877788942773,0.0006284938087657236,10,-0.005129465222125873
mvar_c7715a,fresh:offset,1024,16,0.0006787362683098764,0.0007321035212953575,1.0786273777860302,5.3367252985481176e-05,0.00026312516493903494,7,-0.0003343602002132684
mvar_c7715a,fresh:offset,2048,16,0.00011772478101192973,0.0026704790398071054,22.68408585560665,0.002552754258795176,0.001745762119987222,1,0.000369228651834419
mvar_cd67aa,fresh:poly,256,16,0.0014692281605675817,0.002076102112187073,1.4130563025589218,0.000606873951619491,0.0011825928250530843,7,-0.0006579911132575944
mvar_cd67aa,fresh:poly,512,16,0.0004007461277069524,0.0010135863223695197,2.529247950988836,0.0006128401946625672,0.0002704315297414729,2,0.0003449924261076376
mvar_cd67aa,fresh:poly,1024,16,0.00015862678992561996,0.0011917055599042214,7.512637433204137,0.0010330787699786015,0.0005720506464118754,2,0.0001715587786748074
mvar_cd67aa,fresh:poly,2048,16,7.268183144333306e-05,0.0008560006397601682,11.777367503838363,0.0007833188083168352,0.0003214250025329306,1,0.00018001094213104807
