kind,dataset,cell,seed,test_ce,failed,cached,excluded
direct,spiral_classification/spiralcls_849a21,0,0,0.4327385127544403,False,False,False
direct,spiral_classification/spiralcls_849a21,0,1,0.43338292837142944,False,False,False
direct,spiral_classification/spiralcls_849a21,0,2,0.41704657673835754,False,False,False
direct,spiral_classification/spiralcls_849a21,0,3,0.3495754301548004,False,False,False
direct,spiral_classification/spiralcls_849a21,0,4,0.4098823368549347,False,False,False
direct,spiral_classification/spiralcls_849a21,0,5,0.42500030994415283,False,False,False
direct,spiral_classification/spiralcls_849a21,0,6,0.4281710684299469,False,False,False
direct,spiral_classification/spiralcls_849a21,0,7,0.4426910877227783,False,False,False
direct,spiral_classification/spiralcls_849a21,0,8,0.43529844284057617,False,False,False
direct,spiral_classification/spiralcls_849a21,0,9,0.4500972628593445,False,False,False
direct,spiral_classification/spiralcls_849a21,1,0,0.4205954670906067,False,False,False
direct,spiral_classification/spiralcls_849a21,1,1,0.4312259256839752,False,False,False
direct,spiral_classification/spiralcls_849a21,1,2,0.42906564474105835,False,False,False
direct,spiral_classification/spiralcls_849a21,1,3,0.43503180146217346,False,False,False
direct,spiral_classification/spiralcls_849a21,1,4,0.45701974630355835,False,False,False
direct,spiral_classification/spiralcls_849a21,1,5,0.4569278359413147,False,False,False
direct,spiral_classification/spiralcls_849a21,1,6,0.42440328001976013,False,False,False
direct,spiral_classification/spiralcls_849a21,1,7,0.4387723505496979,False,False,False
direct,spiral_classification/spiralcls_849a21,1,8,0.4093494713306427,False,False,False
direct,spiral_classification/spiralcls_849a21,1,9,0.4386208653450012,False,False,False
direct,spiral_classification/spiralcls_849a21,2,0,0.25715890526771545,False,False,False
direct,spiral_classification/spiralcls_849a21,2,1,0.30368950963020325,False,False,False
direct,spiral_classification/spiralcls_849a21,2,2,0.15104123950004578,False,False,False
direct,spiral_classification/spiralcls_849a21,2,3,0.0957159772515297,False,False,False
direct,spiral_classification/spiralcls_849a21,2,4,0.12680523097515106,False,False,False
direct,spiral_classification/spiralcls_849a21,2,5,0.2658570110797882,False,False,False
direct,spiral_classification/spiralcls_849a21,2,6,0.2360083907842636,False,False,False
direct,spiral_classification/spiralcls_849a21,2,7,0.205888032913208,False,False,False
direct,spiral_classification/spiralcls_849a21,2,8,0.1420024186372757,False,False,False
direct,spiral_classification/spiralcls_849a21,2,9,0.17547383904457092,False,False,False
direct,spiral_classification/spiralcls_849a21,3,0,0.25100821256637573,False,False,False
direct,spiral_classification/spiralcls_849a21,3,1,0.2622166872024536,False,False,False
direct,spiral_classification/spiralcls_849a21,3,2,0.3048834204673767,False,False,False
direct,spiral_classification/spiralcls_849a21,3,3,0.29579272866249084,False,False,False
direct,spiral_classification/spiralcls_849a21,3,4,0.3389299809932709,False,False,False
direct,spiral_classification/spiralcls_849a21,3,5,0.2980360984802246,False,False,False
direct,spiral_classification/spiralcls_849a21,3,6,0.2987827658653259,False,False,False
direct,spiral_classification/spiralcls_849a21,3,7,0.3618621528148651,False,False,False
direct,spiral_classification/spiralcls_849a21,3,8,0.2733662724494934,False,False,False
direct,spiral_classification/spiralcls_849a21,3,9,0.34138843417167664,False,False,False
direct,spiral_classification/spiralcls_05d021,0,0,0.0006517659639939666,False,False,False
direct,spiral_classification/spiralcls_05d021,0,1,0.0004613825585693121,False,False,False
direct,spiral_classification/spiralcls_05d021,0,2,0.00040235690539702773,False,False,False
direct,spiral_classification/spiralcls_05d021,0,3,0.0002461151161696762,False,False,False
direct,spiral_classification/spiralcls_05d021,0,4,0.00042833335464820266,False,False,False
direct,spiral_classification/spiralcls_05d021,0,5,0.00042289073462598026,False,False,False
direct,spiral_classification/spiralcls_05d021,0,6,0.00033300890936516225,False,False,False
direct,spiral_classification/spiralcls_05d021,0,7,0.00035730426316149533,False,False,False
direct,spiral_classification/spiralcls_05d021,0,8,0.0004936865298077464,False,False,False
direct,spiral_classification/spiralcls_05d021,0,9,0.0006398179684765637,False,False,False
direct,spiral_classification/spiralcls_05d021,1,0,1.1854139302158728e-05,False,False,False
direct,spiral_classification/spiralcls_05d021,1,1,1.0168701919610612e-05,False,False,False
direct,spiral_classification/spiralcls_05d021,1,2,9.374758519697934e-06,False,False,False
direct,spiral_classification/spiralcls_05d021,1,3,1.615992368897423e-05,False,False,False
direct,spiral_classification/spiralcls_05d021,1,4,0.00016338209388777614,False,False,False
direct,spiral_classification/spiralcls_05d021,1,5,1.1647915926005226e-05,False,False,False
direct,spiral_classification/spiralcls_05d021,1,6,1.1623991667875089e-05,False,False,False
direct,spiral_classification/spiralcls_05d021,1,7,1.2442033039405942e-05,False,False,False
direct,spiral_classification/spiralcls_05d021,1,8,1.3067276995570865e-05,False,False,False
direct,spiral_classification/spiralcls_05d021,1,9,1.3034488802077249e-05,False,False,False
direct,spiral_classification/spiralcls_05d021,2,0,7.590934546897188e-05,False,False,False
direct,spiral_classification/spiralcls_05d021,2,1,6.86476196278818e-05,False,False,False
direct,spiral_classification/spiralcls_05d021,2,2,6.320692045846954e-05,False,False,False
direct,spiral_classification/spiralcls_05d021,2,3,2.8776334147551097e-05,False,False,False
direct,spiral_classification/spiralcls_05d021,2,4,7.079522765707225e-05,False,False,False
direct,spiral_classification/spiralcls_05d021,2,5,6.174100417410955e-05,False,False,False
direct,spiral_classification/spiralcls_05d021,2,6,4.328002250986174e-05,False,False,False
direct,spiral_classification/spiralcls_05d021,2,7,5.878284719074145e-05,False,False,False
direct,spiral_classification/spiralcls_05d021,2,8,7.508850831072778e-05,False,False,False
direct,spiral_classification/spiralcls_05d021,2,9,9.752962796483189e-05,False,False,False
direct,spiral_classification/spiralcls_05d021,3,0,2.910382768117614e-10,False,False,False
direct,spiral_classification/spiralcls_05d021,3,1,5.8207657444020455e-11,False,False,False
direct,spiral_classification/spiralcls_05d021,3,2,7.566995363639251e-10,False,False,False
direct,spiral_classification/spiralcls_05d021,3,3,3.4924593772522883e-10,False,False,False
direct,spiral_classification/spiralcls_05d021,3,4,1.2863891640790825e-07,False,False,False
direct,spiral_classification/spiralcls_05d021,3,5,0,False,False,False
direct,spiral_classification/spiralcls_05d021,3,6,1.7462296886261441e-10,False,False,False
direct,spiral_classification/spiralcls_05d021,3,7,2.910382768117614e-10,False,False,False
direct,spiral_classification/spiralcls_05d021,3,8,4.6566125955216364e-10,False,False,False
direct,spiral_classification/spiralcls_05d021,3,9,1.5133990727278501e-09,False,False,False
direct,spiral_classification/spiralcls_06bcc2,0,0,0.0006023862515576184,False,False,False
direct,spiral_classification/spiralcls_06bcc2,0,1,0.0003680172376334667,False,False,False
direct,spiral_classification/spiralcls_06bcc2,0,2,0.00023018340289127082,False,False,False
direct,spiral_classification/spiralcls_06bcc2,0,3,0.00036737768095918,False,False,False
direct,spiral_classification/spiralcls_06bcc2,0,4,0.00041411438724026084,False,False,False
direct,spiral_classification/spiralcls_06bcc2,0,5,0.00048553853412158787,False,False,False
direct,spiral_classification/spiralcls_06bcc2,0,6,0.00031171180307865143,False,False,False
direct,spiral_classification/spiralcls_06bcc2,0,7,0.00041393141145817935,False,False,False
direct,spiral_classification/spiralcls_06bcc2,0,8,0.00043130535050295293,False,False,False
direct,spiral_classification/spiralcls_06bcc2,0,9,0.0003575925948098302,False,False,False
direct,spiral_classification/spiralcls_06bcc2,1,0,1.1354204616509378e-05,False,False,False
direct,spiral_classification/spiralcls_06bcc2,1,1,1.668793265707791e-05,False,False,False
direct,spiral_classification/spiralcls_06bcc2,1,2,1.127422001445666e-05,False,False,False
direct,spiral_classification/spiralcls_06bcc2,1,3,1.5409508705488406e-05,False,False,False
direct,spiral_classification/spiralcls_06bcc2,1,4,1.2885860087408219e-05,False,False,False
direct,spiral_classification/spiralcls_06bcc2,1,5,1.0998789548466448e-05,False,False,False
direct,spiral_classification/spiralcls_06bcc2,1,6,1.0867185665119905e-05,False,False,False
direct,spiral_classification/spiralcls_06bcc2,1,7,1.2599721230799332e-05,False,False,False
direct,spiral_classification/spiralcls_06bcc2,1,8,1.2992135452805087e-05,False,False,False
direct,spiral_classification/spiralcls_06bcc2,1,9,8.936282029026188e-06,False,False,False
direct,spiral_classification/spiralcls_06bcc2,2,0,7.108002319000661e-05,False,False,False
direct,spiral_classification/spiralcls_06bcc2,2,1,6.083402695367113e-05,False,False,False
direct,spiral_classification/spiralcls_06bcc2,2,2,3.684353578137234e-05,False,False,False
direct,spiral_classification/spiralcls_06bcc2,2,3,5.025554492021911e-05,False,False,False
direct,spiral_classification/spiralcls_06bcc2,2,4,6.908798968652263e-05,False,False,False
direct,spiral_classification/spiralcls_06bcc2,2,5,6.108076922828332e-05,False,False,False
direct,spiral_classification/spiralcls_06bcc2,2,6,4.029078991152346e-05,False,False,False
direct,spiral_classification/spiralcls_06bcc2,2,7,2.93699686153559e-05,False,False,False
direct,spiral_classification/spiralcls_06bcc2,2,8,6.400105485226959e-05,False,False,False
direct,spiral_classification/spiralcls_06bcc2,2,9,5.7379867939744145e-05,False,False,False
direct,spiral_classification/spiralcls_06bcc2,3,0,1.1641531488804091e-10,False,False,False
direct,spiral_classification/spiralcls_06bcc2,3,1,2.2118908926671565e-09,False,False,False
direct,spiral_classification/spiralcls_06bcc2,3,2,1.1641531488804091e-10,False,False,False
direct,spiral_classification/spiralcls_06bcc2,3,3,4.0745359863869623e-10,False,False,False
direct,spiral_classification/spiralcls_06bcc2,3,4,4.0745359863869623e-10,False,False,False
direct,spiral_classification/spiralcls_06bcc2,3,5,1.7462296886261441e-10,False,False,False
direct,spiral_classification/spiralcls_06bcc2,3,6,5.8207657444020455e-11,False,False,False
direct,spiral_classification/spiralcls_06bcc2,3,7,1.1641531488804091e-10,False,False,False
direct,spiral_classification/spiralcls_06bcc2,3,8,8.149071417662412e-10,False,False,False
direct,spiral_classification/spiralcls_06bcc2,3,9,1.7462296886261441e-10,False,False,False
direct,spiral_classification/spiralcls_9d5dde,0,0,0.46494993567466736,False,False,False
direct,spiral_classification/spiralcls_9d5dde,0,1,0.45384499430656433,False,False,False
direct,spiral_classification/spiralcls_9d5dde,0,2,0.4575786292552948,False,False,False
direct,spiral_classification/spiralcls_9d5dde,0,3,0.48712387681007385,False,False,False
direct,spiral_classification/spiralcls_9d5dde,0,4,0.513937771320343,False,False,False
direct,spiral_classification/spiralcls_9d5dde,0,5,0.4669957160949707,False,False,False
direct,spiral_classification/spiralcls_9d5dde,0,6,0.5240312218666077,False,False,False
direct,spiral_classification/spiralcls_9d5dde,0,7,0.44752511382102966,False,False,False
direct,spiral_classification/spiralcls_9d5dde,0,8,0.4309883713722229,False,False,False
direct,spiral_classification/spiralcls_9d5dde,0,9,0.4577414393424988,False,False,False
direct,spiral_classification/spiralcls_9d5dde,1,0,0.4492821991443634,False,False,False
direct,spiral_classification/spiralcls_9d5dde,1,1,0.45983433723449707,False,False,False
direct,spiral_classification/spiralcls_9d5dde,1,2,0.43058666586875916,False,False,False
direct,spiral_classification/spiralcls_9d5dde,1,3,0.46074584126472473,False,False,False
direct,spiral_classification/spiralcls_9d5dde,1,4,0.46867942810058594,False,False,False
direct,spiral_classification/spiralcls_9d5dde,1,5,0.44044044613838196,False,False,False
direct,spiral_classification/spiralcls_9d5dde,1,6,0.4344192445278168,False,False,False
direct,spiral_classification/spiralcls_9d5dde,1,7,0.43586936593055725,False,False,False
direct,spiral_classification/spiralcls_9d5dde,1,8,0.4428759515285492,False,False,False
direct,spiral_classification/spiralcls_9d5dde,1,9,0.42965078353881836,False,False,False
direct,spiral_classification/spiralcls_9d5dde,2,0,0.22970442473888397,False,False,False
direct,spiral_classification/spiralcls_9d5dde,2,1,0.13996589183807373,False,False,False
direct,spiral_classification/spiralcls_9d5dde,2,2,0.2263391762971878,False,False,False
direct,spiral_classification/spiralcls_9d5dde,2,3,0.12124338746070862,False,False,False
direct,spiral_classification/spiralcls_9d5dde,2,4,0.2230568528175354,False,False,False
direct,spiral_classification/spiralcls_9d5dde,2,5,0.21819445490837097,False,False,False
direct,spiral_classification/spiralcls_9d5dde,2,6,0.2888583838939667,False,False,False
direct,spiral_classification/spiralcls_9d5dde,2,7,0.2931996285915375,False,False,False
direct,spiral_classification/spiralcls_9d5dde,2,8,0.14138081669807434,False,False,False
direct,spiral_classification/spiralcls_9d5dde,2,9,0.2052755057811737,False,False,False
direct,spiral_classification/spiralcls_9d5dde,3,0,0.3166937530040741,False,False,False
direct,spiral_classification/spiralcls_9d5dde,3,1,0.2887342572212219,False,False,False
direct,spiral_classification/spiralcls_9d5dde,3,2,0.3765658736228943,False,False,False
direct,spiral_classification/spiralcls_9d5dde,3,3,0.3112085163593292,False,False,False
direct,spiral_classification/spiralcls_9d5dde,3,4,0.37121063470840454,False,False,False
direct,spiral_classification/spiralcls_9d5dde,3,5,0.39448168873786926,False,False,False
direct,spiral_classification/spiralcls_9d5dde,3,6,0.3635437786579132,False,False,False
direct,spiral_classification/spiralcls_9d5dde,3,7,0.3635033667087555,False,False,False
direct,spiral_classification/spiralcls_9d5dde,3,8,0.2558726370334625,False,False,False
direct,spiral_classification/spiralcls_9d5dde,3,9,0.3229242265224457,False,False,False
direct,spiral_classification/spiralcls_b28701,0,0,0.14865295588970184,False,False,False
direct,spiral_classification/spiralcls_b28701,0,1,0.06562260538339615,False,False,False
direct,spiral_classification/spiralcls_b28701,0,2,0.1655120700597763,False,False,False
direct,spiral_classification/spiralcls_b28701,0,3,0.13906191289424896,False,False,False
direct,spiral_classification/spiralcls_b28701,0,4,0.07843325287103653,False,False,False
direct,spiral_classification/spiralcls_b28701,0,5,0.13679227232933044,False,False,False
direct,spiral_classification/spiralcls_b28701,0,6,0.1824006736278534,False,False,False
direct,spiral_classification/spiralcls_b28701,0,7,0.11393389105796814,False,False,False
direct,spiral_classification/spiralcls_b28701,0,8,0.05456377565860748,False,False,False
direct,spiral_classification/spiralcls_b28701,0,9,0.19207537174224854,False,False,False
direct,spiral_classification/spiralcls_b28701,1,0,0.38690054416656494,False,False,False
direct,spiral_classification/spiralcls_b28701,1,1,0.37951934337615967,False,False,False
direct,spiral_classification/spiralcls_b28701,1,2,0.34441784024238586,False,False,False
direct,spiral_classification/spiralcls_b28701,1,3,0.37967830896377563,False,False,False
direct,spiral_classification/spiralcls_b28701,1,4,0.3839685916900635,False,False,False
direct,spiral_classification/spiralcls_b28701,1,5,0.3926619589328766,False,False,False
direct,spiral_classification/spiralcls_b28701,1,6,0.3638962209224701,False,False,False
direct,spiral_classification/spiralcls_b28701,1,7,0.38094422221183777,False,False,False
direct,spiral_classification/spiralcls_b28701,1,8,0.3423404395580292,False,False,False
direct,spiral_classification/spiralcls_b28701,1,9,0.33460232615470886,False,False,False
direct,spiral_classification/spiralcls_b28701,2,0,0.027009909972548485,False,False,False
direct,spiral_classification/spiralcls_b28701,2,1,0.009763430804014206,False,False,False
direct,spiral_classification/spiralcls_b28701,2,2,0.017573507502675056,False,False,False
direct,spiral_classification/spiralcls_b28701,2,3,0.014987747184932232,False,False,False
direct,spiral_classification/spiralcls_b28701,2,4,0.010449898429214954,False,False,False
direct,spiral_classification/spiralcls_b28701,2,5,0.012144682928919792,False,False,False
direct,spiral_classification/spiralcls_b28701,2,6,0.015425887890160084,False,False,False
direct,spiral_classification/spiralcls_b28701,2,7,0.025114616379141808,False,False,False
direct,spiral_classification/spiralcls_b28701,2,8,0.4215379059314728,False,False,False
direct,spiral_classification/spiralcls_b28701,2,9,0.027981707826256752,False,False,False
direct,spiral_classification/spiralcls_b28701,3,0,0.025800680741667747,False,False,False
direct,spiral_classification/spiralcls_b28701,3,1,0.015406391583383083,False,False,False
direct,spiral_classification/spiralcls_b28701,3,2,0.11892151087522507,False,False,False
direct,spiral_classification/spiralcls_b28701,3,3,0.17883029580116272,False,False,False
direct,spiral_classification/spiralcls_b28701,3,4,0.2926611304283142,False,False,False
direct,spiral_classification/spiralcls_b28701,3,5,0.026671230792999268,False,False,False
direct,spiral_classification/spiralcls_b28701,3,6,0.04230405390262604,False,False,False
direct,spiral_classification/spiralcls_b28701,3,7,0.2653562128543854,False,False,False
direct,spiral_classification/spiralcls_b28701,3,8,0.027071282267570496,False,False,False
direct,spiral_classification/spiralcls_b28701,3,9,0.02170471101999283,False,False,False
direct,spiral_classification/spiralcls_f0f209,0,0,0.45440909266471863,False,False,False
direct,spiral_classification/spiralcls_f0f209,0,1,0.4331979751586914,False,False,False
direct,spiral_classification/spiralcls_f0f209,0,2,0.4211401343345642,False,False,False
direct,spiral_classification/spiralcls_f0f209,0,3,0.38807833194732666,False,False,False
direct,spiral_classification/spiralcls_f0f209,0,4,0.38079550862312317,False,False,False
direct,spiral_classification/spiralcls_f0f209,0,5,0.4284672439098358,False,False,False
direct,spiral_classification/spiralcls_f0f209,0,6,0.44671377539634705,False,False,False
direct,spiral_classification/spiralcls_f0f209,0,7,0.44116923213005066,False,False,False
direct,spiral_classification/spiralcls_f0f209,0,8,0.40945881605148315,False,False,False
direct,spiral_classification/spiralcls_f0f209,0,9,0.39015305042266846,False,False,False
direct,spiral_classification/spiralcls_f0f209,1,0,0.3905646502971649,False,False,False
direct,spiral_classification/spiralcls_f0f209,1,1,0.420417457818985,False,False,False
direct,spiral_classification/spiralcls_f0f209,1,2,0.433487206697464,False,False,False
direct,spiral_classification/spiralcls_f0f209,1,3,0.44078537821769714,False,False,False
direct,spiral_classification/spiralcls_f0f209,1,4,0.42921653389930725,False,False,False
direct,spiral_classification/spiralcls_f0f209,1,5,0.3982129693031311,False,False,False
direct,spiral_classification/spiralcls_f0f209,1,6,0.41254478693008423,False,False,False
direct,spiral_classification/spiralcls_f0f209,1,7,0.4080827534198761,False,False,False
direct,spiral_classification/spiralcls_f0f209,1,8,0.42975637316703796,False,False,False
direct,spiral_classification/spiralcls_f0f209,1,9,0.4252663552761078,False,False,False
direct,spiral_classification/spiralcls_f0f209,2,0,0.2725353240966797,False,False,False
direct,spiral_classification/spiralcls_f0f209,2,1,0.1507827490568161,False,False,False
direct,spiral_classification/spiralcls_f0f209,2,2,0.14250734448432922,False,False,False
direct,spiral_classification/spiralcls_f0f209,2,3,0.4214625060558319,False,False,False
direct,spiral_classification/spiralcls_f0f209,2,4,0.10541434586048126,False,False,False
direct,spiral_classification/spiralcls_f0f209,2,5,0.24519027769565582,False,False,False
direct,spiral_classification/spiralcls_f0f209,2,6,0.24350138008594513,False,False,False
direct,spiral_classification/spiralcls_f0f209,2,7,0.22330890595912933,False,False,False
direct,spiral_classification/spiralcls_f0f209,2,8,0.23692543804645538,False,False,False
direct,spiral_classification/spiralcls_f0f209,2,9,0.09052398055791855,False,False,False
direct,spiral_classification/spiralcls_f0f209,3,0,0.2282106876373291,False,False,False
direct,spiral_classification/spiralcls_f0f209,3,1,0.2699671685695648,False,False,False
direct,spiral_classification/spiralcls_f0f209,3,2,0.29971274733543396,False,False,False
direct,spiral_classification/spiralcls_f0f209,3,3,0.31850796937942505,False,False,False
direct,spiral_classification/spiralcls_f0f209,3,4,0.3068004846572876,False,False,False
direct,spiral_classification/spiralcls_f0f209,3,5,0.292230486869812,False,False,False
direct,spiral_classification/spiralcls_f0f209,3,6,0.3891972005367279,False,False,False
direct,spiral_classification/spiralcls_f0f209,3,7,0.2959412634372711,False,False,False
direct,spiral_classification/spiralcls_f0f209,3,8,0.2934284806251526,False,False,False
direct,spiral_classification/spiralcls_f0f209,3,9,0.3050081431865692,False,False,False
components,spiral_classification/spiralcls_9d5dde,0,0,0.49102675914764404,False,False,False
components,spiral_classification/spiralcls_9d5dde,0,1,0.4947699308395386,False,False,False
components,spiral_classification/spiralcls_9d5dde,0,2,0.5463207364082336,False,False,False
components,spiral_classification/spiralcls_9d5dde,0,3,0.48368871212005615,False,False,False
components,spiral_classification/spiralcls_9d5dde,0,4,0.5138441324234009,False,False,False
components,spiral_classification/spiralcls_9d5dde,0,5,0.5078657269477844,False,False,False
components,spiral_classification/spiralcls_9d5dde,0,6,0.515544593334198,False,False,False
components,spiral_classification/spiralcls_9d5dde,0,7,0.5708766579627991,False,False,False
components,spiral_classification/spiralcls_9d5dde,0,8,0.4855814278125763,False,False,False
components,spiral_classification/spiralcls_9d5dde,0,9,0.4922443628311157,False,False,False
components,spiral_classification/spiralcls_9d5dde,1,0,0.012584356591105461,False,False,False
components,spiral_classification/spiralcls_9d5dde,1,1,0.020623426884412766,False,False,False
components,spiral_classification/spiralcls_9d5dde,1,2,0.014741715043783188,False,False,False
components,spiral_classification/spiralcls_9d5dde,1,3,0.11822373420000076,False,False,False
components,spiral_classification/spiralcls_9d5dde,1,4,0.31422489881515503,False,False,False
components,spiral_classification/spiralcls_9d5dde,1,5,0.11705332249403,False,False,False
components,spiral_classification/spiralcls_9d5dde,1,6,0.038200777024030685,False,False,False
components,spiral_classification/spiralcls_9d5dde,1,7,0.0010715187527239323,False,False,False
components,spiral_classification/spiralcls_9d5dde,1,8,0.01468231063336134,False,False,False
components,spiral_classification/spiralcls_9d5dde,1,9,0.04213647171854973,False,False,False
components,spiral_classification/spiralcls_9d5dde,2,0,0.36853334307670593,False,False,False
components,spiral_classification/spiralcls_9d5dde,2,1,0.4398224651813507,False,False,False
components,spiral_classification/spiralcls_9d5dde,2,2,0.3617340624332428,False,False,False
components,spiral_classification/spiralcls_9d5dde,2,3,0.38981950283050537,False,False,False
components,spiral_classification/spiralcls_9d5dde,2,4,0.5212715864181519,False,False,False
components,spiral_classification/spiralcls_9d5dde,2,5,0.39363592863082886,False,False,False
components,spiral_classification/spiralcls_9d5dde,2,6,0.3705711364746094,False,False,False
components,spiral_classification/spiralcls_9d5dde,2,7,0.3960379958152771,False,False,False
components,spiral_classification/spiralcls_9d5dde,2,8,0.35703250765800476,False,False,False
components,spiral_classification/spiralcls_9d5dde,2,9,0.42850425839424133,False,False,False
components,spiral_classification/spiralcls_9d5dde,3,0,0.45818495750427246,False,False,False
components,spiral_classification/spiralcls_9d5dde,3,1,0.46673712134361267,False,False,False
components,spiral_classification/spiralcls_9d5dde,3,2,0.47452017664909363,False,False,False
components,spiral_classification/spiralcls_9d5dde,3,3,0.4878729283809662,False,False,False
components,spiral_classification/spiralcls_9d5dde,3,4,0.4881425201892853,False,False,False
components,spiral_classification/spiralcls_9d5dde,3,5,0.4826773405075073,False,False,False
components,spiral_classification/spiralcls_9d5dde,3,6,0.4867376387119293,False,False,False
components,spiral_classification/spiralcls_9d5dde,3,7,0.47716036438941956,False,False,False
components,spiral_classification/spiralcls_9d5dde,3,8,0.4734235405921936,False,False,False
components,spiral_classification/spiralcls_9d5dde,3,9,0.4595552682876587,False,False,False
components,spiral_classification/spiralcls_06bcc2,0,0,0.0003289018350187689,False,False,False
components,spiral_classification/spiralcls_06bcc2,0,1,0.0002613207616377622,False,False,False
components,spiral_classification/spiralcls_06bcc2,0,2,0.00020221187151037157,False,False,False
components,spiral_classification/spiralcls_06bcc2,0,3,0.00021408789325505495,False,False,False
components,spiral_classification/spiralcls_06bcc2,0,4,0.00025900849141180515,False,False,False
components,spiral_classification/spiralcls_06bcc2,0,5,0.0003184023662470281,False,False,False
components,spiral_classification/spiralcls_06bcc2,0,6,0.0002322135551366955,False,False,False
components,spiral_classification/spiralcls_06bcc2,0,7,0.00027292006416246295,False,False,False
components,spiral_classification/spiralcls_06bcc2,0,8,0.0002446583239361644,False,False,False
components,spiral_classification/spiralcls_06bcc2,0,9,0.00025307585019618273,False,False,False
components,spiral_classification/spiralcls_06bcc2,1,0,7.02697980159428e-06,False,False,False
components,spiral_classification/spiralcls_06bcc2,1,1,9.804003639146686e-06,False,False,False
components,spiral_classification/spiralcls_06bcc2,1,2,7.719063432887197e-06,False,False,False
components,spiral_classification/spiralcls_06bcc2,1,3,5.9472868088050745e-06,False,False,False
components,spiral_classification/spiralcls_06bcc2,1,4,8.31369743536925e-06,False,False,False
components,spiral_classification/spiralcls_06bcc2,1,5,5.501764007931342e-06,False,False,False
components,spiral_classification/spiralcls_06bcc2,1,6,7.4540475907269865e-06,False,False,False
components,spiral_classification/spiralcls_06bcc2,1,7,4.410926521813963e-06,False,False,False
components,spiral_classification/spiralcls_06bcc2,1,8,5.251294169283938e-06,False,False,False
components,spiral_classification/spiralcls_06bcc2,1,9,6.307089279289357e-06,False,False,False
components,spiral_classification/spiralcls_06bcc2,2,0,0,False,False,False
components,spiral_classification/spiralcls_06bcc2,2,1,0,False,False,False
components,spiral_classification/spiralcls_06bcc2,2,2,0,False,False,False
components,spiral_classification/spiralcls_06bcc2,2,3,0,False,False,False
components,spiral_classification/spiralcls_06bcc2,2,4,0,False,False,False
components,spiral_classification/spiralcls_06bcc2,2,5,0,False,False,False
components,spiral_classification/spiralcls_06bcc2,2,6,0,False,False,False
components,spiral_classification/spiralcls_06bcc2,2,7,0,False,False,False
components,spiral_classification/spiralcls_06bcc2,2,8,5.820765536235228e-10,False,False,False
components,spiral_classification/spiralcls_06bcc2,2,9,0,False,False,False
components,spiral_classification/spiralcls_06bcc2,3,0,4.854518564911814e-08,False,False,False
components,spiral_classification/spiralcls_06bcc2,3,1,1.0756774315723305e-07,False,False,False
components,spiral_classification/spiralcls_06bcc2,3,2,1.1530935495329686e-07,False,False,False
components,spiral_classification/spiralcls_06bcc2,3,3,1.3777750496046792e-07,False,False,False
components,spiral_classification/spiralcls_06bcc2,3,4,9.359789032714616e-08,False,False,False
components,spiral_classification/spiralcls_06bcc2,3,5,7.753258302045651e-08,False,False,False
components,spiral_classification/spiralcls_06bcc2,3,6,1.0745132783540612e-07,False,False,False
components,spiral_classification/spiralcls_06bcc2,3,7,7.933703471962872e-08,False,False,False
components,spiral_classification/spiralcls_06bcc2,3,8,1.627485488597813e-07,False,False,False
components,spiral_classification/spiralcls_06bcc2,3,9,1.1728841542435475e-07,False,False,False
