dataset,experiment,contrast,step,samples,first_mean,second_mean,difference,first_seed_wins
multivariate_regression/mvar_0eb811,84c99dbb5600,H-L,1,16,1.3404791116714478,1.538547658920288,-0.19806854724884032,7
multivariate_regression/mvar_0eb811,84c99dbb5600,H-L,16,256,0.986370986700058,0.8760532319545746,0.1103177547454834,2
multivariate_regression/mvar_0eb811,84c99dbb5600,H-L,32,512,0.9276861667633056,0.8586817383766174,0.06900442838668823,3
multivariate_regression/mvar_0eb811,84c99dbb5600,H-L,64,1024,0.9346348643302917,0.8485215365886688,0.08611332774162292,1
multivariate_regression/mvar_0eb811,84c99dbb5600,H-L,128,2048,0.9031328856945038,0.8402658641338349,0.06286702156066895,1
multivariate_regression/mvar_0eb811,84c99dbb5600,H-L,256,4096,0.898544716835022,0.8434875309467316,0.05505718588829041,1
multivariate_regression/mvar_0eb811,84c99dbb5600,H-L,512,8192,0.8157600700855255,0.7556426465511322,0.06011742353439331,1
multivariate_regression/mvar_0eb811,84c99dbb5600,H-L,1024,16384,0.4779737234115601,0.5654258847236633,-0.08745216131210327,10
multivariate_regression/mvar_0eb811,84c99dbb5600,H-L,1536,24576,0.28459235578775405,0.47795373797416685,-0.1933613821864128,10
multivariate_regression/mvar_0eb811,84c99dbb5600,H-L,2048,32768,0.18657234013080598,0.4104915112257004,-0.2239191710948944,10
multivariate_regression/mvar_0eb811,84c99dbb5600,F-S,1,16,1.3404791235923768,1.5385476708412171,-0.19806854724884032,7
multivariate_regression/mvar_0eb811,84c99dbb5600,F-S,16,256,0.98626207113266,0.8711249470710755,0.11513712406158447,2
multivariate_regression/mvar_0eb811,84c99dbb5600,F-S,32,512,0.93433837890625,0.8589515268802643,0.07538685202598572,3
multivariate_regression/mvar_0eb811,84c99dbb5600,F-S,64,1024,0.9384420812129974,0.847135317325592,0.0913067638874054,1
multivariate_regression/mvar_0eb811,84c99dbb5600,F-S,128,2048,0.9214799165725708,0.8405359983444214,0.08094391822814942,1
multivariate_regression/mvar_0eb811,84c99dbb5600,F-S,256,4096,0.8972449481487275,0.841206032037735,0.05603891611099243,0
multivariate_regression/mvar_0eb811,84c99dbb5600,F-S,512,8192,0.7377021670341491,0.7581868588924408,-0.020484691858291625,6
multivariate_regression/mvar_0eb811,84c99dbb5600,F-S,1024,16384,0.39950220882892606,0.6092951595783234,-0.20979295074939727,10
multivariate_regression/mvar_0eb811,84c99dbb5600,F-S,1536,24576,0.2474254362285137,0.49997992515563966,-0.25255448892712595,10
multivariate_regression/mvar_0eb811,84c99dbb5600,F-S,2048,32768,0.16324773505330087,0.44320141673088076,-0.2799536816775799,10
multivariate_regression/mvar_0eb811,84c99dbb5600,F-H,1,16,1.3404791235923768,1.3404791116714478,1.1920928955078126e-08,0
multivariate_regression/mvar_0eb811,84c99dbb5600,F-H,16,256,0.98626207113266,0.986370986700058,-0.00010891556739807129,4
multivariate_regression/mvar_0eb811,84c99dbb5600,F-H,32,512,0.93433837890625,0.9276861667633056,0.006652212142944336,3
multivariate_regression/mvar_0eb811,84c99dbb5600,F-H,64,1024,0.9384420812129974,0.9346348643302917,0.0038072168827056885,5
multivariate_regression/mvar_0eb811,84c99dbb5600,F-H,128,2048,0.9214799165725708,0.9031328856945038,0.018347030878067015,3
multivariate_regression/mvar_0eb811,84c99dbb5600,F-H,256,4096,0.8972449481487275,0.898544716835022,-0.0012997686862945557,5
multivariate_regression/mvar_0eb811,84c99dbb5600,F-H,512,8192,0.7377021670341491,0.8157600700855255,-0.07805790305137635,8
multivariate_regression/mvar_0eb811,84c99dbb5600,F-H,1024,16384,0.39950220882892606,0.4779737234115601,-0.07847151458263397,7
multivariate_regression/mvar_0eb811,84c99dbb5600,F-H,1536,24576,0.2474254362285137,0.28459235578775405,-0.03716691955924034,7
multivariate_regression/mvar_0eb811,84c99dbb5600,F-H,2048,32768,0.16324773505330087,0.18657234013080598,-0.02332460507750511,7
multivariate_regression/mvar_0eb811,84c99dbb5600,S-L,1,16,1.5385476708412171,1.538547658920288,1.1920928955078126e-08,0
multivariate_regression/mvar_0eb811,84c99dbb5600,S-L,16,256,0.8711249470710755,0.8760532319545746,-0.004928284883499145,10
multivariate_regression/mvar_0eb811,84c99dbb5600,S-L,32,512,0.8589515268802643,0.8586817383766174,0.0002697885036468506,3
multivariate_regression/mvar_0eb811,84c99dbb5600,S-L,64,1024,0.847135317325592,0.8485215365886688,-0.0013862192630767823,6
multivariate_regression/mvar_0eb811,84c99dbb5600,S-L,128,2048,0.8405359983444214,0.8402658641338349,0.0002701342105865479,5
multivariate_regression/mvar_0eb811,84c99dbb5600,S-L,256,4096,0.841206032037735,0.8434875309467316,-0.002281498908996582,8
multivariate_regression/mvar_0eb811,84c99dbb5600,S-L,512,8192,0.7581868588924408,0.7556426465511322,0.002544212341308594,3
multivariate_regression/mvar_0eb811,84c99dbb5600,S-L,1024,16384,0.6092951595783234,0.5654258847236633,0.04386927485466004,1
multivariate_regression/mvar_0eb811,84c99dbb5600,S-L,1536,24576,0.49997992515563966,0.47795373797416685,0.022026187181472777,1
multivariate_regression/mvar_0eb811,84c99dbb5600,S-L,2048,32768,0.44320141673088076,0.4104915112257004,0.03270990550518036,0
multivariate_regression/mvar_133302,dfcd5d3d248c,H-L,1,16,1.358170783519745,1.1763671278953551,0.18180365562438966,3
multivariate_regression/mvar_133302,dfcd5d3d248c,H-L,16,256,0.6476703763008118,0.6430371999740601,0.004633176326751709,6
multivariate_regression/mvar_133302,dfcd5d3d248c,H-L,32,512,0.5736647486686707,0.5736484825611115,1.62661075592041e-05,6
multivariate_regression/mvar_133302,dfcd5d3d248c,H-L,64,1024,0.5751698434352874,0.536150997877121,0.0390188455581665,4
multivariate_regression/mvar_133302,dfcd5d3d248c,H-L,128,2048,0.589760822057724,0.5164506375789643,0.07331018447875977,0
multivariate_regression/mvar_133302,dfcd5d3d248c,H-L,256,4096,0.5289001703262329,0.49760841727256777,0.03129175305366516,1
multivariate_regression/mvar_133302,dfcd5d3d248c,H-L,512,8192,0.462290546298027,0.4572980344295502,0.0049925118684768675,5
multivariate_regression/mvar_133302,dfcd5d3d248c,H-L,1024,16384,0.29873469173908235,0.38785176575183866,-0.08911707401275634,10
multivariate_regression/mvar_133302,dfcd5d3d248c,H-L,1536,24576,0.16548017486929895,0.33708277642726897,-0.17160260155797005,10
multivariate_regression/mvar_133302,dfcd5d3d248c,H-L,2048,32768,0.06490504406392575,0.2983633816242218,-0.23345833756029605,10
multivariate_regression/mvar_133302,dfcd5d3d248c,F-S,1,16,1.3581708192825317,1.1763671457767486,0.18180367350578308,3
multivariate_regression/mvar_133302,dfcd5d3d248c,F-S,16,256,0.6504185140132904,0.6428171038627625,0.007601410150527954,6
multivariate_regression/mvar_133302,dfcd5d3d248c,F-S,32,512,0.5753670990467071,0.5740854442119598,0.0012816548347473144,6
multivariate_regression/mvar_133302,dfcd5d3d248c,F-S,64,1024,0.585430508852005,0.5348860144615173,0.05054449439048767,4
multivariate_regression/mvar_133302,dfcd5d3d248c,F-S,128,2048,0.588935250043869,0.5152360737323761,0.07369917631149292,0
multivariate_regression/mvar_133302,dfcd5d3d248c,F-S,256,4096,0.5312996566295624,0.49619652032852174,0.03510313630104065,0
multivariate_regression/mvar_133302,dfcd5d3d248c,F-S,512,8192,0.43567241728305817,0.45781140923500063,-0.022138991951942445,6
multivariate_regression/mvar_133302,dfcd5d3d248c,F-S,1024,16384,0.24574756473302842,0.3954507768154144,-0.14970321208238602,10
multivariate_regression/mvar_133302,dfcd5d3d248c,F-S,1536,24576,0.0743549969047308,0.34845824241638185,-0.27410324551165105,10
multivariate_regression/mvar_133302,dfcd5d3d248c,F-S,2048,32768,0.05357495211064815,0.31691890954971313,-0.26334395743906497,10
multivariate_regression/mvar_133302,dfcd5d3d248c,F-H,1,16,1.3581708192825317,1.358170783519745,3.5762786865234374e-08,0
multivariate_regression/mvar_133302,dfcd5d3d248c,F-H,16,256,0.6504185140132904,0.6476703763008118,0.0027481377124786376,4
multivariate_regression/mvar_133302,dfcd5d3d248c,F-H,32,512,0.5753670990467071,0.5736647486686707,0.001702350378036499,2
multivariate_regression/mvar_133302,dfcd5d3d248c,F-H,64,1024,0.585430508852005,0.5751698434352874,0.010260665416717529,2
multivariate_regression/mvar_133302,dfcd5d3d248c,F-H,128,2048,0.588935250043869,0.589760822057724,-0.0008255720138549804,5
multivariate_regression/mvar_133302,dfcd5d3d248c,F-H,256,4096,0.5312996566295624,0.5289001703262329,0.0023994863033294676,6
multivariate_regression/mvar_133302,dfcd5d3d248c,F-H,512,8192,0.43567241728305817,0.462290546298027,-0.02661812901496887,7
multivariate_regression/mvar_133302,dfcd5d3d248c,F-H,1024,16384,0.24574756473302842,0.29873469173908235,-0.05298712700605392,8
multivariate_regression/mvar_133302,dfcd5d3d248c,F-H,1536,24576,0.0743549969047308,0.16548017486929895,-0.09112517796456814,10
multivariate_regression/mvar_133302,dfcd5d3d248c,F-H,2048,32768,0.05357495211064815,0.06490504406392575,-0.011330091953277588,4
multivariate_regression/mvar_133302,dfcd5d3d248c,S-L,1,16,1.1763671457767486,1.1763671278953551,1.7881393432617187e-08,0
multivariate_regression/mvar_133302,dfcd5d3d248c,S-L,16,256,0.6428171038627625,0.6430371999740601,-0.00022009611129760742,4
multivariate_regression/mvar_133302,dfcd5d3d248c,S-L,32,512,0.5740854442119598,0.5736484825611115,0.00043696165084838867,4
multivariate_regression/mvar_133302,dfcd5d3d248c,S-L,64,1024,0.5348860144615173,0.536150997877121,-0.0012649834156036378,7
multivariate_regression/mvar_133302,dfcd5d3d248c,S-L,128,2048,0.5152360737323761,0.5164506375789643,-0.0012145638465881348,9
multivariate_regression/mvar_133302,dfcd5d3d248c,S-L,256,4096,0.49619652032852174,0.49760841727256777,-0.0014118969440460206,8
multivariate_regression/mvar_133302,dfcd5d3d248c,S-L,512,8192,0.45781140923500063,0.4572980344295502,0.0005133748054504395,5
multivariate_regression/mvar_133302,dfcd5d3d248c,S-L,1024,16384,0.3954507768154144,0.38785176575183866,0.007599011063575745,3
multivariate_regression/mvar_133302,dfcd5d3d248c,S-L,1536,24576,0.34845824241638185,0.33708277642726897,0.011375465989112854,0
multivariate_regression/mvar_133302,dfcd5d3d248c,S-L,2048,32768,0.31691890954971313,0.2983633816242218,0.01855552792549133,1
spiral_classification/spiralcls_05d021,25d081c4fa1f,R3_FTF-D,1,16,0.8429347753524781,0.6987910985946655,0.1441436767578125,2
spiral_classification/spiralcls_05d021,25d081c4fa1f,R3_FTF-D,16,256,0.6297972202301025,0.6798355340957641,-0.05003831386566162,8
spiral_classification/spiralcls_05d021,25d081c4fa1f,R3_FTF-D,32,512,0.5539316415786744,0.6623770356178283,-0.10844539403915406,10
spiral_classification/spiralcls_05d021,25d081c4fa1f,R3_FTF-D,64,1024,0.44230866730213164,0.6139145135879517,-0.17160584628582,10
spiral_classification/spiralcls_05d021,25d081c4fa1f,R3_FTF-D,128,2048,0.26161605417728423,0.3878008037805557,-0.12618474960327147,10
spiral_classification/spiralcls_05d021,25d081c4fa1f,R3_FTF-D,256,4096,0.07629640847444534,0.029729256965219976,0.04656715150922537,0
spiral_classification/spiralcls_05d021,25d081c4fa1f,R3_FTF-D,512,8192,0.01352200792171061,0.0023220548406243323,0.011199953081086279,0
spiral_classification/spiralcls_05d021,25d081c4fa1f,R3_FTF-D,1024,16384,0.002312113391235471,0.00039242751663550737,0.0019196858745999634,0
spiral_classification/spiralcls_05d021,25d081c4fa1f,R3_FTF-D,1536,24576,0.0008571928774472326,0.000150875213148538,0.0007063176642986945,0
spiral_classification/spiralcls_05d021,25d081c4fa1f,R3_FTF-D,2048,32768,0.0004026859300211072,7.417051128868479e-05,0.0003285154187324224,0
spiral_classification/spiralcls_05d021,25d081c4fa1f,B-P2_TT,1,16,0.773993456363678,0.7151357471942902,0.05885770916938782,3
spiral_classification/spiralcls_05d021,25d081c4fa1f,B-P2_TT,16,256,0.6432687282562256,0.6776433169841767,-0.03437458872795105,7
spiral_classification/spiralcls_05d021,25d081c4fa1f,B-P2_TT,32,512,0.5587281882762909,0.646333646774292,-0.0876054584980011,10
spiral_classification/spiralcls_05d021,25d081c4fa1f,B-P2_TT,64,1024,0.44540133476257326,0.590362948179245,-0.14496161341667174,10
spiral_classification/spiralcls_05d021,25d081c4fa1f,B-P2_TT,128,2048,0.2724772185087204,0.4342552304267883,-0.16177801191806793,10
spiral_classification/spiralcls_05d021,25d081c4fa1f,B-P2_TT,256,4096,0.09684469848871231,0.1132697645574808,-0.0164250660687685,6
spiral_classification/spiralcls_05d021,25d081c4fa1f,B-P2_TT,512,8192,0.0211085950024426,0.010123539855703712,0.010985055146738887,0
spiral_classification/spiralcls_05d021,25d081c4fa1f,B-P2_TT,1024,16384,0.003586642351001501,0.0015313115320168436,0.0020553308189846576,0
spiral_classification/spiralcls_05d021,25d081c4fa1f,B-P2_TT,1536,24576,0.001275655470089987,0.0005814951757201925,0.0006941602943697945,0
spiral_classification/spiralcls_05d021,25d081c4fa1f,B-P2_TT,2048,32768,0.0006022414308972657,0.000292505556717515,0.00030973587417975067,0
spiral_classification/spiralcls_05d021,25d081c4fa1f,D-P3_FFT,1,16,0.6987910985946655,0.6997126162052154,-0.0009215176105499268,4
spiral_classification/spiralcls_05d021,25d081c4fa1f,D-P3_FFT,16,256,0.6798355340957641,0.6478891134262085,0.031946420669555664,0
spiral_classification/spiralcls_05d021,25d081c4fa1f,D-P3_FFT,32,512,0.6623770356178283,0.6058009922504425,0.056576043367385864,0
spiral_classification/spiralcls_05d021,25d081c4fa1f,D-P3_FFT,64,1024,0.6139145135879517,0.5048339605331421,0.10908055305480957,0
spiral_classification/spiralcls_05d021,25d081c4fa1f,D-P3_FFT,128,2048,0.3878008037805557,0.212792506814003,0.17500829696655273,0
spiral_classification/spiralcls_05d021,25d081c4fa1f,D-P3_FFT,256,4096,0.029729256965219976,0.021857228595763445,0.00787202836945653,2
spiral_classification/spiralcls_05d021,25d081c4fa1f,D-P3_FFT,512,8192,0.0023220548406243323,0.002855358098167926,-0.0005333032575435936,8
spiral_classification/spiralcls_05d021,25d081c4fa1f,D-P3_FFT,1024,16384,0.00039242751663550737,0.0005501842038938776,-0.00015775668725837022,9
spiral_classification/spiralcls_05d021,25d081c4fa1f,D-P3_FFT,1536,24576,0.000150875213148538,0.0002104026440065354,-5.9527430857997386e-05,9
spiral_classification/spiralcls_05d021,25d081c4fa1f,D-P3_FFT,2048,32768,7.417051128868479e-05,0.00010341367305954918,-2.924316177086439e-05,10
spiral_classification/spiralcls_05d021,25d081c4fa1f,P3_TFF-D,1,16,0.694378387928009,0.6987910985946655,-0.004412710666656494,8
spiral_classification/spiralcls_05d021,25d081c4fa1f,P3_TFF-D,16,256,0.6876972138881683,0.6798355340957641,0.007861679792404175,0
spiral_classification/spiralcls_05d021,25d081c4fa1f,P3_TFF-D,32,512,0.6808509707450867,0.6623770356178283,0.0184739351272583,0
spiral_classification/spiralcls_05d021,25d081c4fa1f,P3_TFF-D,64,1024,0.6609082639217376,0.6139145135879517,0.046993750333786014,0
spiral_classification/spiralcls_05d021,25d081c4fa1f,P3_TFF-D,128,2048,0.5542192578315734,0.3878008037805557,0.16641845405101777,0
spiral_classification/spiralcls_05d021,25d081c4fa1f,P3_TFF-D,256,4096,0.1357869654893875,0.029729256965219976,0.10605770852416754,0
spiral_classification/spiralcls_05d021,25d081c4fa1f,P3_TFF-D,512,8192,0.011362876929342746,0.0023220548406243323,0.009040822088718415,0
spiral_classification/spiralcls_05d021,25d081c4fa1f,P3_TFF-D,1024,16384,0.0014295328059233726,0.00039242751663550737,0.0010371052892878651,0
spiral_classification/spiralcls_05d021,25d081c4fa1f,P3_TFF-D,1536,24576,0.0004915124067338183,0.000150875213148538,0.0003406371935852803,0
spiral_classification/spiralcls_05d021,25d081c4fa1f,P3_TFF-D,2048,32768,0.00022075939050409944,7.417051128868479e-05,0.00014658887921541462,0
spiral_classification/spiralcls_05d021,25d081c4fa1f,A-P3_TFF,1,16,0.6947598338127137,0.694378387928009,0.00038144588470458987,2
spiral_classification/spiralcls_05d021,25d081c4fa1f,A-P3_TFF,16,256,0.6934403419494629,0.6876972138881683,0.0057431280612945555,0
spiral_classification/spiralcls_05d021,25d081c4fa1f,A-P3_TFF,32,512,0.6916218519210815,0.6808509707450867,0.010770881175994873,0
spiral_classification/spiralcls_05d021,25d081c4fa1f,A-P3_TFF,64,1024,0.6860020995140076,0.6609082639217376,0.025093835592269898,0
spiral_classification/spiralcls_05d021,25d081c4fa1f,A-P3_TFF,128,2048,0.6516390085220337,0.5542192578315734,0.0974197506904602,0
spiral_classification/spiralcls_05d021,25d081c4fa1f,A-P3_TFF,256,4096,0.2395434558391571,0.1357869654893875,0.1037564903497696,0
spiral_classification/spiralcls_05d021,25d081c4fa1f,A-P3_TFF,512,8192,0.03647354915738106,0.011362876929342746,0.02511067222803831,0
spiral_classification/spiralcls_05d021,25d081c4fa1f,A-P3_TFF,1024,16384,0.004768759023863822,0.0014295328059233726,0.00333922621794045,0
spiral_classification/spiralcls_05d021,25d081c4fa1f,A-P3_TFF,1536,24576,0.0012052720761857928,0.0004915124067338183,0.0007137596694519743,0
spiral_classification/spiralcls_05d021,25d081c4fa1f,A-P3_TFF,2048,32768,0.0003885818150592968,0.00022075939050409944,0.00016782242455519735,0
spiral_classification/spiralcls_05d021,25d081c4fa1f,D-B,1,16,0.6987910985946655,0.773993456363678,-0.07520235776901245,9
spiral_classification/spiralcls_05d021,25d081c4fa1f,D-B,16,256,0.6798355340957641,0.6432687282562256,0.03656680583953857,3
spiral_classification/spiralcls_05d021,25d081c4fa1f,D-B,32,512,0.6623770356178283,0.5587281882762909,0.10364884734153748,0
spiral_classification/spiralcls_05d021,25d081c4fa1f,D-B,64,1024,0.6139145135879517,0.44540133476257326,0.16851317882537842,0
spiral_classification/spiralcls_05d021,25d081c4fa1f,D-B,128,2048,0.3878008037805557,0.2724772185087204,0.11532358527183532,0
spiral_classification/spiralcls_05d021,25d081c4fa1f,D-B,256,4096,0.029729256965219976,0.09684469848871231,-0.06711544152349233,10
spiral_classification/spiralcls_05d021,25d081c4fa1f,D-B,512,8192,0.0023220548406243323,0.0211085950024426,-0.018786540161818265,10
spiral_classification/spiralcls_05d021,25d081c4fa1f,D-B,1024,16384,0.00039242751663550737,0.003586642351001501,-0.0031942148343659937,10
spiral_classification/spiralcls_05d021,25d081c4fa1f,D-B,1536,24576,0.000150875213148538,0.001275655470089987,-0.001124780256941449,10
spiral_classification/spiralcls_05d021,25d081c4fa1f,D-B,2048,32768,7.417051128868479e-05,0.0006022414308972657,-0.0005280709196085809,10
spiral_classification/spiralcls_06bcc2,596e2d453da7,R3_FTF-D,1,16,0.8406097948551178,0.698897910118103,0.14171188473701476,2
spiral_classification/spiralcls_06bcc2,596e2d453da7,R3_FTF-D,16,256,0.6339208722114563,0.6792334020137787,-0.045312529802322386,8
spiral_classification/spiralcls_06bcc2,596e2d453da7,R3_FTF-D,32,512,0.5534115552902221,0.6601532638072968,-0.10674170851707458,10
spiral_classification/spiralcls_06bcc2,596e2d453da7,R3_FTF-D,64,1024,0.4379869818687439,0.6109906792640686,-0.1730036973953247,10
spiral_classification/spiralcls_06bcc2,596e2d453da7,R3_FTF-D,128,2048,0.2611424297094345,0.3863148719072342,-0.1251724421977997,10
spiral_classification/spiralcls_06bcc2,596e2d453da7,R3_FTF-D,256,4096,0.07449442222714424,0.029084647819399834,0.04540977440774441,0
spiral_classification/spiralcls_06bcc2,596e2d453da7,R3_FTF-D,512,8192,0.012205928703770042,0.002097206120379269,0.010108722583390772,0
spiral_classification/spiralcls_06bcc2,596e2d453da7,R3_FTF-D,1024,16384,0.0020298657473176718,0.0003611232852563262,0.0016687424620613455,0
spiral_classification/spiralcls_06bcc2,596e2d453da7,R3_FTF-D,1536,24576,0.0007214264594949781,0.00013446234952425585,0.0005869641099707223,0
spiral_classification/spiralcls_06bcc2,596e2d453da7,R3_FTF-D,2048,32768,0.0003475081321084872,6.659693499386777e-05,0.00028091119711461945,0
spiral_classification/spiralcls_06bcc2,596e2d453da7,B-P2_TT,1,16,0.7654796481132508,0.7141218185424805,0.051357829570770265,4
spiral_classification/spiralcls_06bcc2,596e2d453da7,B-P2_TT,16,256,0.6407665133476257,0.6766568541526794,-0.03589034080505371,6
spiral_classification/spiralcls_06bcc2,596e2d453da7,B-P2_TT,32,512,0.5621783912181855,0.6478012800216675,-0.08562288880348205,10
spiral_classification/spiralcls_06bcc2,596e2d453da7,B-P2_TT,64,1024,0.4464710742235184,0.5900277435779572,-0.14355666935443878,10
spiral_classification/spiralcls_06bcc2,596e2d453da7,B-P2_TT,128,2048,0.2731701970100403,0.43152826130390165,-0.1583580642938614,10
spiral_classification/spiralcls_06bcc2,596e2d453da7,B-P2_TT,256,4096,0.09673189595341683,0.11272511519491672,-0.0159932192414999,6
spiral_classification/spiralcls_06bcc2,596e2d453da7,B-P2_TT,512,8192,0.020392183773219587,0.009344006981700658,0.011048176791518927,0
spiral_classification/spiralcls_06bcc2,596e2d453da7,B-P2_TT,1024,16384,0.0033522453624755142,0.0015008933143690229,0.0018513520481064916,0
spiral_classification/spiralcls_06bcc2,596e2d453da7,B-P2_TT,1536,24576,0.0011604161700233817,0.0005762401677202433,0.0005841760023031384,0
spiral_classification/spiralcls_06bcc2,596e2d453da7,B-P2_TT,2048,32768,0.0005400489550083876,0.00028689433383988217,0.0002531546211685054,0
spiral_classification/spiralcls_06bcc2,596e2d453da7,D-P3_FFT,1,16,0.698897910118103,0.7011637985706329,-0.0022658884525299074,4
spiral_classification/spiralcls_06bcc2,596e2d453da7,D-P3_FFT,16,256,0.6792334020137787,0.6495408475399017,0.029692554473876955,0
spiral_classification/spiralcls_06bcc2,596e2d453da7,D-P3_FFT,32,512,0.6601532638072968,0.6061824262142181,0.053970837593078615,0
spiral_classification/spiralcls_06bcc2,596e2d453da7,D-P3_FFT,64,1024,0.6109906792640686,0.5001351326704025,0.11085554659366607,0
spiral_classification/spiralcls_06bcc2,596e2d453da7,D-P3_FFT,128,2048,0.3863148719072342,0.2179470181465149,0.1683678537607193,0
spiral_classification/spiralcls_06bcc2,596e2d453da7,D-P3_FFT,256,4096,0.029084647819399834,0.022914816439151765,0.00616983138024807,3
spiral_classification/spiralcls_06bcc2,596e2d453da7,D-P3_FFT,512,8192,0.002097206120379269,0.003033742669504136,-0.0009365365491248667,10
spiral_classification/spiralcls_06bcc2,596e2d453da7,D-P3_FFT,1024,16384,0.0003611232852563262,0.0005976971675409004,-0.00023657388228457422,10
spiral_classification/spiralcls_06bcc2,596e2d453da7,D-P3_FFT,1536,24576,0.00013446234952425585,0.0002302649270859547,-9.580257756169885e-05,10
spiral_classification/spiralcls_06bcc2,596e2d453da7,D-P3_FFT,2048,32768,6.659693499386777e-05,0.0001144025671237614,-4.780563212989364e-05,10
spiral_classification/spiralcls_06bcc2,596e2d453da7,P3_TFF-D,1,16,0.6943293631076812,0.698897910118103,-0.004568547010421753,8
spiral_classification/spiralcls_06bcc2,596e2d453da7,P3_TFF-D,16,256,0.6874073207378387,0.6792334020137787,0.008173918724060059,0
spiral_classification/spiralcls_06bcc2,596e2d453da7,P3_TFF-D,32,512,0.6799520075321197,0.6601532638072968,0.019798743724822997,0
spiral_classification/spiralcls_06bcc2,596e2d453da7,P3_TFF-D,64,1024,0.6591356217861175,0.6109906792640686,0.04814494252204895,0
spiral_classification/spiralcls_06bcc2,596e2d453da7,P3_TFF-D,128,2048,0.5514192223548889,0.3863148719072342,0.16510435044765473,0
spiral_classification/spiralcls_06bcc2,596e2d453da7,P3_TFF-D,256,4096,0.1448691740632057,0.029084647819399834,0.11578452624380589,0
spiral_classification/spiralcls_06bcc2,596e2d453da7,P3_TFF-D,512,8192,0.01070839436724782,0.002097206120379269,0.00861118824686855,0
spiral_classification/spiralcls_06bcc2,596e2d453da7,P3_TFF-D,1024,16384,0.0013028972432948648,0.0003611232852563262,0.0009417739580385387,0
spiral_classification/spiralcls_06bcc2,596e2d453da7,P3_TFF-D,1536,24576,0.0004257482214597985,0.00013446234952425585,0.00029128587193554266,0
spiral_classification/spiralcls_06bcc2,596e2d453da7,P3_TFF-D,2048,32768,0.0001987770199775696,6.659693499386777e-05,0.00013218008498370182,0
spiral_classification/spiralcls_06bcc2,596e2d453da7,A-P3_TFF,1,16,0.6945925295352936,0.6943293631076812,0.0002631664276123047,2
spiral_classification/spiralcls_06bcc2,596e2d453da7,A-P3_TFF,16,256,0.6930566787719726,0.6874073207378387,0.005649358034133911,0
spiral_classification/spiralcls_06bcc2,596e2d453da7,A-P3_TFF,32,512,0.6909669756889343,0.6799520075321197,0.011014968156814575,0
spiral_classification/spiralcls_06bcc2,596e2d453da7,A-P3_TFF,64,1024,0.6850652635097504,0.6591356217861175,0.025929641723632813,0
spiral_classification/spiralcls_06bcc2,596e2d453da7,A-P3_TFF,128,2048,0.6497308194637299,0.5514192223548889,0.09831159710884094,0
spiral_classification/spiralcls_06bcc2,596e2d453da7,A-P3_TFF,256,4096,0.2483595624566078,0.1448691740632057,0.1034903883934021,0
spiral_classification/spiralcls_06bcc2,596e2d453da7,A-P3_TFF,512,8192,0.03219371866434813,0.01070839436724782,0.021485324297100306,0
spiral_classification/spiralcls_06bcc2,596e2d453da7,A-P3_TFF,1024,16384,0.003171249874867499,0.0013028972432948648,0.001868352631572634,0
spiral_classification/spiralcls_06bcc2,596e2d453da7,A-P3_TFF,1536,24576,0.0007935647328849882,0.0004257482214597985,0.00036781651142518966,0
spiral_classification/spiralcls_06bcc2,596e2d453da7,A-P3_TFF,2048,32768,0.0003100862115388736,0.0001987770199775696,0.00011130919156130404,0
spiral_classification/spiralcls_06bcc2,596e2d453da7,D-B,1,16,0.698897910118103,0.7654796481132508,-0.0665817379951477,8
spiral_classification/spiralcls_06bcc2,596e2d453da7,D-B,16,256,0.6792334020137787,0.6407665133476257,0.03846688866615296,4
spiral_classification/spiralcls_06bcc2,596e2d453da7,D-B,32,512,0.6601532638072968,0.5621783912181855,0.09797487258911133,0
spiral_classification/spiralcls_06bcc2,596e2d453da7,D-B,64,1024,0.6109906792640686,0.4464710742235184,0.16451960504055024,0
spiral_classification/spiralcls_06bcc2,596e2d453da7,D-B,128,2048,0.3863148719072342,0.2731701970100403,0.1131446748971939,0
spiral_classification/spiralcls_06bcc2,596e2d453da7,D-B,256,4096,0.029084647819399834,0.09673189595341683,-0.06764724813401699,10
spiral_classification/spiralcls_06bcc2,596e2d453da7,D-B,512,8192,0.002097206120379269,0.020392183773219587,-0.018294977652840317,10
spiral_classification/spiralcls_06bcc2,596e2d453da7,D-B,1024,16384,0.0003611232852563262,0.0033522453624755142,-0.002991122077219188,10
spiral_classification/spiralcls_06bcc2,596e2d453da7,D-B,1536,24576,0.00013446234952425585,0.0011604161700233817,-0.001025953820499126,10
spiral_classification/spiralcls_06bcc2,596e2d453da7,D-B,2048,32768,6.659693499386777e-05,0.0005400489550083876,-0.0004734520200145198,10
synthetic_tabular_classification/stabcls_0db74c,f6a8a96b22b3,A-B,1,64,0.7585570096969605,0.7119327664375306,0.04662424325942993,4
synthetic_tabular_classification/stabcls_0db74c,f6a8a96b22b3,A-B,16,1024,0.6617657959461212,0.6633893787860871,-0.0016235828399658204,7
synthetic_tabular_classification/stabcls_0db74c,f6a8a96b22b3,A-B,32,2048,0.6129397094249726,0.6231970012187957,-0.010257291793823241,7
synthetic_tabular_classification/stabcls_0db74c,f6a8a96b22b3,A-B,64,4096,0.5216458946466446,0.5491567194461823,-0.027510824799537658,8
synthetic_tabular_classification/stabcls_0db74c,f6a8a96b22b3,A-B,128,8192,0.3449672520160675,0.4051492094993591,-0.06018195748329162,10
synthetic_tabular_classification/stabcls_0db74c,f6a8a96b22b3,A-B,256,16384,0.21025573313236237,0.2323181614279747,-0.022062428295612335,9
synthetic_tabular_classification/stabcls_17011f,e1cfe2d5dfde,A-B,1,64,0.7560472130775452,0.7069735884666443,0.04907362461090088,2
synthetic_tabular_classification/stabcls_17011f,e1cfe2d5dfde,A-B,16,1024,0.666281110048294,0.6627693235874176,0.003511786460876465,4
synthetic_tabular_classification/stabcls_17011f,e1cfe2d5dfde,A-B,32,2048,0.620161521434784,0.6287265658378601,-0.008565044403076172,7
synthetic_tabular_classification/stabcls_17011f,e1cfe2d5dfde,A-B,64,4096,0.5301714211702346,0.5575733482837677,-0.02740192711353302,7
synthetic_tabular_classification/stabcls_17011f,e1cfe2d5dfde,A-B,128,8192,0.36257597208023074,0.4112556457519531,-0.048679673671722413,10
synthetic_tabular_classification/stabcls_17011f,e1cfe2d5dfde,A-B,256,16384,0.22983302921056747,0.24210361987352372,-0.012270590662956238,7
