dataset,topology,opt,label,mean,sd,post_update1_mean,cached
spiralcls_016ff9,P,A,D,0.3907776713371277,0.020494068695368094,0.6991966545581818,False
spiralcls_016ff9,P,A,B,0.16994031369686127,0.06131850839078297,0.6936424672603607,False
spiralcls_016ff9,P,A,N,0.19087127074599267,0.04669403632721117,0.6963421106338501,False
spiralcls_016ff9,P,A,R,0.27168485075235366,0.045542935867091475,0.6989913523197174,False
spiralcls_016ff9,P,A,U,0.40765421092510223,0.019977454679328877,0.6940113186836243,False
spiralcls_01793b,P,A,D,0.39901886582374574,0.019712832501776502,0.7010438919067383,False
spiralcls_01793b,P,A,B,0.15004645921289922,0.0614279128806935,0.6936402022838593,False
spiralcls_01793b,P,A,N,0.19235532060265542,0.0723768298865608,0.6963802993297576,False
spiralcls_01793b,P,A,R,0.2561984956264496,0.06132331158646095,0.6972664415836334,False
spiralcls_01793b,P,A,U,0.4144205629825592,0.0178038983983968,0.6943856418132782,False
spiralcls_05d021,P,A,D,0.001303309970535338,0.000114285827271388,0.69410520195961,False
spiralcls_05d021,P,A,B,0.00039854669012129307,1.9934494915560583e-05,0.6921280205249787,False
spiralcls_05d021,P,A,N,0.000743946002330631,5.474830687020513e-05,0.689527690410614,False
spiralcls_05d021,P,A,R,0.0006523982738144696,5.04147330942573e-05,0.6943033754825592,False
spiralcls_05d021,P,A,U,0.0009078682225663215,0.00012415496187162783,0.6925516784191131,False
spiralcls_06bcc2,P,A,D,0.0012275059358216821,0.0001295213973432334,0.6943885087966919,False
spiralcls_06bcc2,P,A,B,0.00036355791380628946,2.0106439483459164e-05,0.6919967532157898,False
spiralcls_06bcc2,P,A,N,0.000710724334931001,5.0660270468681434e-05,0.6890570759773255,False
spiralcls_06bcc2,P,A,R,0.0006115408963523805,4.5665126528858785e-05,0.6929840862751007,False
spiralcls_06bcc2,P,A,U,0.0007463257177732884,8.757695831097611e-05,0.6927731394767761,False
spiralcls_016ff9,P,S0,B,0.6937529385089874,0.0011169498961875186,0.6946018218994141,False
spiralcls_016ff9,P,S0,R,0.6918289005756378,0.003172576912839943,0.7035940051078796,False
spiralcls_016ff9,P,S0,N,0.6867092788219452,0.003293495073926651,0.7016402184963226,False
spiralcls_016ff9,P,S0,D,0.6907047808170319,0.006347024484887262,0.7029046058654785,False
spiralcls_016ff9,P,S0,U,0.6940425872802735,0.0027016016648702076,0.6946654498577118,False
spiralcls_016ff9,P,S9,B,0.6937674522399903,0.0011196614768186075,0.6946031093597412,False
spiralcls_016ff9,P,S9,R,0.6919464945793152,0.003167256307249072,0.7036259472370148,False
spiralcls_016ff9,P,S9,N,0.6868813514709473,0.003292306011565263,0.7016761600971222,False
spiralcls_016ff9,P,S9,D,0.6908373057842254,0.0063443549914879585,0.7029326915740967,False
spiralcls_016ff9,P,S9,U,0.6940529048442841,0.002702691895087038,0.6946669399738312,False
spiralcls_01793b,P,S0,B,0.6938132226467133,0.0017891213192445055,0.6946913003921509,False
spiralcls_01793b,P,S0,R,0.6903769969940186,0.0045840580772703084,0.7019557237625123,False
spiralcls_01793b,P,S0,N,0.6865574061870575,0.005441336771060476,0.7016854286193848,False
spiralcls_01793b,P,S0,D,0.6914207696914673,0.007250712945206929,0.7045212388038635,False
spiralcls_01793b,P,S0,U,0.6941834807395935,0.0030072137286383093,0.6948962092399598,False
spiralcls_01793b,P,S9,B,0.6938291668891907,0.0017913891127727857,0.6946930885314941,False
spiralcls_01793b,P,S9,R,0.690499222278595,0.004607433163576214,0.7019887030124664,False
spiralcls_01793b,P,S9,N,0.6867342531681061,0.005470936861825074,0.7017208695411682,False
spiralcls_01793b,P,S9,D,0.6915517270565033,0.007267080545597891,0.7045466780662537,False
spiralcls_01793b,P,S9,U,0.6941947758197784,0.003010562238501532,0.6948969244956971,False
spiralcls_05d021,P,S0,B,0.6922544598579407,0.002458751499024302,0.6949691712856293,False
spiralcls_05d021,P,S0,R,0.6753290951251983,0.007415428313071598,0.7044315457344055,False
spiralcls_05d021,P,S0,N,0.6598372101783753,0.01061327966875759,0.7017342865467071,False
spiralcls_05d021,P,S0,D,0.6731764256954194,0.013081250374894555,0.7028817296028137,False
spiralcls_05d021,P,S0,U,0.6926633179187774,0.0041076115131947425,0.6944448292255402,False
spiralcls_05d021,P,S9,B,0.6923009932041169,0.0024602985882925927,0.6949745357036591,False
spiralcls_05d021,P,S9,R,0.6757437884807587,0.0074089816180293545,0.7045016169548035,False
spiralcls_05d021,P,S9,N,0.6604979395866394,0.010588087949046445,0.7018301963806153,False
spiralcls_05d021,P,S9,D,0.673592483997345,0.013048265301813662,0.702947336435318,False
spiralcls_05d021,P,S9,U,0.6926927924156189,0.0041076864923025565,0.6944483578205108,False
spiralcls_06bcc2,P,S0,B,0.6920329332351685,0.0019589791182220064,0.6947799384593963,False
spiralcls_06bcc2,P,S0,R,0.6736797511577606,0.007460498963116179,0.7026593148708343,False
spiralcls_06bcc2,P,S0,N,0.6591139614582062,0.009638690780971924,0.7010791957378387,False
spiralcls_06bcc2,P,S0,D,0.6730011403560638,0.013900763203055467,0.7027673542499542,False
spiralcls_06bcc2,P,S0,U,0.6926810681819916,0.0040610039989208094,0.6944933772087097,False
spiralcls_06bcc2,P,S9,B,0.6920783579349518,0.0019618032683415155,0.6947856187820435,False
spiralcls_06bcc2,P,S9,R,0.6740900874137878,0.007461902127734435,0.7027330279350281,False
spiralcls_06bcc2,P,S9,N,0.6597699701786042,0.009617729720371787,0.7011777639389039,False
spiralcls_06bcc2,P,S9,D,0.6734435439109803,0.013873455832354893,0.702834814786911,False
spiralcls_06bcc2,P,S9,U,0.692713463306427,0.004062446672340444,0.69449662566185,False
spiralcls_016ff9,R,A,B,0.36439270377159116,0.023880339418473867,1.4576561391353606,False
spiralcls_016ff9,R,A,N,0.34931015968322754,0.020303843203510034,1.2758735239505767,False
spiralcls_016ff9,R,A,D,0.4589507937431335,0.014730611639624322,1.113829392194748,False
spiralcls_016ff9,R,S0,B,0.681792676448822,0.015123037159924897,1.536625736951828,False
spiralcls_016ff9,R,S0,N,0.6836378097534179,0.020456623934151767,1.3239938199520112,False
spiralcls_016ff9,R,S0,D,0.6720225512981415,0.015720001022091673,1.152584147453308,False
spiralcls_016ff9,R,S9,B,0.6821710646152497,0.015291251888429858,1.553209900856018,False
spiralcls_016ff9,R,S9,N,0.6841815054416657,0.0206762259301876,1.3328610122203828,False
spiralcls_016ff9,R,S9,D,0.6723900258541107,0.01574829079292572,1.1591784000396728,False
spiralcls_05d021,R,A,B,0.00203790117520839,0.00038873342015567804,0.935680216550827,False
spiralcls_05d021,R,A,N,0.0018957910360768437,0.0003702091399281641,0.8877968430519104,False
spiralcls_05d021,R,A,D,0.0046439380152150985,0.0009323208440448146,0.852609783411026,False
spiralcls_05d021,R,S0,B,0.5591657757759094,0.04525374535448829,0.9807797849178315,False
spiralcls_05d021,R,S0,N,0.5396660149097443,0.04539774768008419,0.9249903678894043,False
spiralcls_05d021,R,S0,D,0.5692849695682526,0.03304949976881805,0.8793707728385926,False
spiralcls_05d021,R,S9,B,0.5606205224990845,0.04540400794987939,0.9839867532253266,False
spiralcls_05d021,R,S9,N,0.5414805352687836,0.045636052720379336,0.9270791292190552,False
spiralcls_05d021,R,S9,D,0.5705619752407074,0.03321396750151331,0.8810182929039001,False
