group,T,ratio,rms_mean,adam_mean,rms_sd,adam_sd,D,paired_SE,CI,adam_seed_wins,phase,predicted,early_D,late_sd_rms,late_sd_adam
deep_nested,256,1,0.8564258992671967,0.8660932421684265,0.02503479399958452,0.035180779889913534,0.009667342901229859,0.009662495442930553,"[-0.009265023171901704, 0.02633221134543418]",3,?,R,"{'1': -1.3332224667072297, '16': -0.04014160633087158, '64': -0.01741945743560791}",0.06688945594989319,0.04591381973290486
deep_nested,1024,1,0.8295253396034241,0.6942132234573364,0.1810159627923551,0.22243812818237252,-0.13531211614608765,0.11486004018383246,"[-0.3675015926361084, 0.056444661468267036]",6,?,R,"{'1': -1.3332224667072297, '16': -0.04014160633087158, '64': -0.01741945743560791}",0.06688945594989319,0.04591381973290486
deep_nested,256,3,0.8564258992671967,0.8748772263526916,0.02503479399958452,0.030433310059123513,0.018451327085494997,0.010086239282397673,"[-0.0006679747998714447, 0.03636976987123488]",3,?,A,"{'1': -1.029416596889496, '16': 0.0848502278327942, '64': 0.00115739107131958}",0.06688945594989319,0.03977559226934682
deep_nested,1024,3,0.8295253396034241,0.8405556559562684,0.1810159627923551,0.09337225305974227,0.011030316352844238,0.08396957897762822,"[-0.15931293740868568, 0.1487462332844734]",3,?,A,"{'1': -1.029416596889496, '16': 0.0848502278327942, '64': 0.00115739107131958}",0.06688945594989319,0.03977559226934682
deep_nested,256,10,0.8564258992671967,0.8868133425712585,0.02503479399958452,0.042679133692545834,0.03038744330406189,0.010677988639770397,"[0.010210182815790177, 0.04985901921987531]",2,R,A,"{'1': 5.304813385009766e-06, '16': -0.024970120191574095, '64': 0.00503230094909668}",0.06688945594989319,0.04237777837448546
deep_nested,1024,10,0.8295253396034241,0.9113241970539093,0.1810159627923551,0.05970551522345499,0.08179885745048524,0.06181353920245924,"[-0.03836515381932258, 0.1908960741758344]",3,?,A,"{'1': 5.304813385009766e-06, '16': -0.024970120191574095, '64': 0.00503230094909668}",0.06688945594989319,0.04237777837448546
deep_poly,256,1,0.009389995760284365,0.0007548205088824034,0.007156565298602759,0.00023184051447533742,-0.00863517525140196,0.0023634428578094406,"[-0.013326356783509255, -0.00467164121218957]",10,A,R,"{'1': -1.0612031936645507, '16': -0.13471605852246285, '64': -0.011627783067524433}",0.008990807820132849,0.00046306029101823523
deep_poly,1024,1,0.013036681106314063,0.0009301866310124751,0.015419020751020843,0.0010669719088836896,-0.012106494475301589,0.0051828290009645036,"[-0.022938331826062495, -0.00416971157610533]",9,A,R,"{'1': -1.0612031936645507, '16': -0.13471605852246285, '64': -0.011627783067524433}",0.008990807820132849,0.00046306029101823523
deep_poly,256,3,0.009389995760284365,0.0011952690314501525,0.007156565298602759,0.0015646377873546244,-0.008194726728834211,0.002319394910284126,"[-0.012938508559091132, -0.004414864883874548]",10,A,A,"{'1': -1.0320265650749207, '16': -0.14923542104661464, '64': -0.013688890030607581}",0.008990807820132849,0.0005099356108108562
deep_poly,1024,3,0.013036681106314063,0.0008603450987720862,0.015419020751020843,0.000784101493934335,-0.012176336007541977,0.005226747058741736,"[-0.023293184394351556, -0.004090258858122991]",10,A,A,"{'1': -1.0320265650749207, '16': -0.14923542104661464, '64': -0.013688890030607581}",0.008990807820132849,0.0005099356108108562
deep_poly,256,10,0.009389995760284365,0.0025289200304541735,0.007156565298602759,0.0019865452371606238,-0.0068610757298301905,0.0023403120119373285,"[-0.011581190995348151, -0.002959840349212757]",10,A,A,"{'1': 2.0331144332885744e-05, '16': 0.2569494605064392, '64': 0.023006905522197484}",0.008990807820132849,0.001414021395737563
deep_poly,1024,10,0.013036681106314063,0.0027346128306817265,0.015419020751020843,0.002391254718519856,-0.010302068275632337,0.00518610113208674,"[-0.02102201513844193, -0.002543136076419617]",9,A,A,"{'1': 2.0331144332885744e-05, '16': 0.2569494605064392, '64': 0.023006905522197484}",0.008990807820132849,0.001414021395737563
shallow_nested,256,1,0.8943123459815979,0.9758284270763398,0.03348782187560863,0.10328720863548439,0.08151608109474182,0.024420398300282795,"[0.03925723880529403, 0.12908766716718673]",0,R,R,"{'1': 0.057935333251953124, '16': 0.24507296085357666, '64': 0.3047606647014618}",0.00504492428453912,0.0037194505424599325
shallow_nested,1024,1,0.8625081539154053,0.8624000549316406,0.009562642531698733,0.009630229295734602,-0.00010809898376464843,0.0009955742920155124,"[-0.00197717547416687, 0.0017262920737266525]",5,?,R,"{'1': 0.057935333251953124, '16': 0.24507296085357666, '64': 0.3047606647014618}",0.00504492428453912,0.0037194505424599325
shallow_nested,256,3,0.8943123459815979,0.8674067795276642,0.03348782187560863,0.01696190904117001,-0.026905566453933716,0.009550821398913759,"[-0.04613458931446075, -0.010838916003704072]",9,A,A,"{'1': 0.044822514057159424, '16': 0.07714508771896363, '64': -0.09047123789787292}",0.00504492428453912,0.01064529445561537
shallow_nested,1024,3,0.8625081539154053,0.8610101759433746,0.009562642531698733,0.015336195218485922,-0.0014979779720306397,0.003498612402560178,"[-0.007918457090854645, 0.005068843662738797]",6,?,A,"{'1': 0.044822514057159424, '16': 0.07714508771896363, '64': -0.09047123789787292}",0.00504492428453912,0.01064529445561537
shallow_nested,256,10,0.8943123459815979,0.8665673553943634,0.03348782187560863,0.025899465225320724,-0.027744990587234498,0.0107566809317244,"[-0.048616155534982684, -0.008629633039236076]",6,A,A,"{'1': -1.430511474609375e-07, '16': -0.3224945068359375, '64': -0.2926937580108643}",0.00504492428453912,0.020269351101178695
shallow_nested,1024,10,0.8625081539154053,0.873219221830368,0.009562642531698733,0.03271387781733626,0.010711067914962768,0.009859225221943739,"[-0.006863580346107483, 0.029221177101135254]",5,?,A,"{'1': -1.430511474609375e-07, '16': -0.3224945068359375, '64': -0.2926937580108643}",0.00504492428453912,0.020269351101178695
shallow_poly,256,1,0.44318234324455263,0.558339786529541,0.07426950922303634,0.08409195781238751,0.1151574432849884,0.01275032374419369,"[0.09231353498995304, 0.13934257261455057]",0,R,R,"{'1': 0.04772293567657471, '16': 0.2249957025051117, '64': 0.2861837327480316}",0.0012457272923981479,0.004243578542836378
shallow_poly,1024,1,0.01738093700259924,0.03452089820057154,0.007837229717362495,0.025563653289041317,0.017139961197972297,0.006349525779750539,"[0.007118311182130128, 0.03049527124967426]",1,R,R,"{'1': 0.04772293567657471, '16': 0.2249957025051117, '64': 0.2861837327480316}",0.0012457272923981479,0.004243578542836378
shallow_poly,256,3,0.44318234324455263,0.1656560655683279,0.07426950922303634,0.07543915261149774,-0.27752627767622473,0.01737674810694907,"[-0.31080428460612897, -0.2464659467060119]",10,A,A,"{'1': 0.036970317363739014, '16': 0.0769900619983673, '64': -0.07248002886772156}",0.0012457272923981479,0.00033026673879959725
shallow_poly,1024,3,0.01738093700259924,0.0046966606052592395,0.007837229717362495,0.0035542675911204116,-0.012684276397339999,0.0019818384125609265,"[-0.016453584213741122, -0.009134482240770014]",10,A,A,"{'1': 0.036970317363739014, '16': 0.0769900619983673, '64': -0.07248002886772156}",0.0012457272923981479,0.00033026673879959725
shallow_poly,256,10,0.44318234324455263,0.008516565547324717,0.07426950922303634,0.0045948837143632015,-0.4346657776972279,0.024581019525783846,"[-0.47906637788342776, -0.38871986186131835]",10,A,A,"{'1': -1.0132789611816406e-07, '16': -0.26919198632240293, '64': -0.41241893768310545}",0.0012457272923981479,5.708083530586985e-05
shallow_poly,1024,10,0.01738093700259924,0.00035583192075137047,0.007837229717362495,0.00018720699688006093,-0.017025105081847867,0.002600326797371045,"[-0.021920386414276436, -0.012261168211080082]",10,A,A,"{'1': -1.0132789611816406e-07, '16': -0.26919198632240293, '64': -0.41241893768310545}",0.0012457272923981479,5.708083530586985e-05
