contrast,family,depth,residual,optimizer,kind,n,wins,ratios,margins,paired_ci
SGD0/Adam,multivariate_regression,4,False,SGD0,all,2,2,"[0.39393703249138956, 0.4224380687258128]","[-0.23609666898846624, -0.23533202707767487]","[[-0.30199463136329985, -0.17019870661363268], [-0.2987733471466305, -0.17189070700871922]]"
SGD0/Adam,multivariate_regression,4,False,SGD0,terminal,2,2,"[0.9427147276732447, 0.9330173055811631]","[-0.030665081739425726, -0.03696496784687042]","[[-0.06129710271411539, -3.306076473592878e-05], [-0.07172106973320436, -0.002208865960536481]]"
SGD0/Adam,multivariate_regression,4,True,SGD0,all,2,2,"[0.40271548294082077, 0.43903945415299456]","[-0.2502931639552117, -0.24550265818834305]","[[-0.29583635920278917, -0.20474996870763407], [-0.2855587437342352, -0.20544657264245092]]"
SGD0/Adam,multivariate_regression,4,True,SGD0,terminal,2,2,"[0.5716309118847549, 0.5880073562401443]","[-0.2234321162104606, -0.22236818969249728]","[[-0.2808232797462486, -0.16604095267467273], [-0.2809827977284333, -0.16375358165656118]]"
SGD0/Adam,spiral_classification,4,False,SGD0,all,2,2,"[0.9796751830579417, 0.9773094712271041]","[-0.01343237161636357, -0.01500734090805056]","[[-0.01817220647726414, -0.00869253675546291], [-0.019647476438087345, -0.010367205378013729]]"
SGD0/Adam,spiral_classification,4,False,SGD0,terminal,2,2,"[0.9953329817096455, 0.9959844778548879]","[-0.003182774782180764, -0.0027445852756500244]","[[-0.005418811067277223, -0.0009467384970843489], [-0.004818025596577496, -0.0006711449547225534]]"
SGD0/Adam,spiral_classification,4,True,SGD0,all,2,2,"[0.7828965465627885, 0.7862662896311782]","[-0.16585353612899778, -0.1617953956127166]","[[-0.21589703124584037, -0.11581004101215525], [-0.21075860695989157, -0.11283218426554174]]"
SGD0/Adam,spiral_classification,4,True,SGD0,terminal,2,2,"[0.850608987005626, 0.8487052168111382]","[-0.10972090363502507, -0.11129220724105837]","[[-0.15088536075504863, -0.06855644651500142], [-0.1536970648141931, -0.06888734966792358]]"
SGD0/Adam,synthetic_tabular_classification,4,False,SGD0,all,2,2,"[0.8205107486022641, 0.808205387335965]","[-0.11251221299171443, -0.11988501846790312]","[[-0.15150195811934386, -0.07352246786408508], [-0.15741398129987055, -0.08235605563593572]]"
SGD0/Adam,synthetic_tabular_classification,4,False,SGD0,terminal,2,0,"[1.001910838843609, 1.0069997618826858]","[0.0013183653354644775, 0.004834544658660955]","[[4.723352795277117e-05, 0.002589497142976184], [0.0024875056720630793, 0.007181583645258697]]"
SGD0/Adam,synthetic_tabular_classification,4,True,SGD0,all,2,2,"[0.7108376737966858, 0.6947659795997696]","[-0.1777298748493195, -0.18755506873130795]","[[-0.21868444501114304, -0.13677530468749588], [-0.2257684797795972, -0.14934165768301877]]"
SGD0/Adam,synthetic_tabular_classification,4,True,SGD0,terminal,2,2,"[0.9450850699054465, 0.9451225693137625]","[-0.03649305105209355, -0.036501836776733354]","[[-0.05535040146575655, -0.017635700638430465], [-0.05570700257900607, -0.017296670974460717]]"
SGD0/Adam,xor_classification,4,False,SGD0,all,2,2,"[0.9509235151017464, 0.946994047043142]","[-0.03276115655899048, -0.03533226251602173]","[[-0.049492768993180565, -0.016029544124800392], [-0.054854676681816844, -0.015809848350226613]]"
SGD0/Adam,xor_classification,4,False,SGD0,terminal,2,0,"[1.0014979065260867, 1.0004450612491163]","[0.0010385394096374956, 0.0003084421157837358]","[[-0.000411262717756176, 0.0024883415370310783], [-0.00043692924284793243, 0.0010538134744153152]]"
SGD0/Adam,xor_classification,4,True,SGD0,all,2,2,"[0.9095179168827707, 0.9017252708614439]","[-0.06090890169143681, -0.06576845049858093]","[[-0.07877031430604052, -0.04304748907683302], [-0.08324955949520668, -0.04828734150195518]]"
SGD0/Adam,xor_classification,4,True,SGD0,terminal,2,2,"[0.9882712548263701, 0.9863831866154131]","[-0.008070957660675004, -0.009351497888565041]","[[-0.01220824029953629, -0.00393367502181381], [-0.013370672057035038, -0.005332323720095089]]"
SGD9/Adam,multivariate_regression,4,False,SGD9,all,2,2,"[0.4198915862623237, 0.44686960073902815]","[-0.2259858652949333, -0.2253772124648094]","[[-0.28966989262076265, -0.16230183796910397], [-0.2861628357819079, -0.16459158914771096]]"
SGD9/Adam,multivariate_regression,4,False,SGD9,early,2,2,"[0.729702847147332, 0.7439529890560659]","[-0.19218210577964778, -0.18493313789367682]","[[-0.26857433821507953, -0.11578987334421614], [-0.2606727759408253, -0.10919349984652828]]"
SGD9/Adam,multivariate_regression,4,False,SGD9,terminal,2,2,"[0.9451607453682607, 0.9357702936548333]","[-0.029355716705322332, -0.035445708036422774]","[[-0.059130292499612214, 0.00041885908896767757], [-0.06944603931765929, -0.0014453767551861757]]"
SGD9/Adam,multivariate_regression,4,False,SGD9,zero,2,2,"[0.7196899693869527, 0.7343335192532044]","[-0.20228536725044255, -0.19458419680595396]","[[-0.28146950739542115, -0.12310122710546383], [-0.27325613952196837, -0.11591225408993959]]"
SGD9/Adam,multivariate_regression,4,True,SGD9,all,2,2,"[0.4182978551993622, 0.4521131299066244]","[-0.243763342499733, -0.23978100419044496]","[[-0.29139543529027134, -0.1961312497091946], [-0.2830939898467311, -0.1964680185341588]]"
SGD9/Adam,multivariate_regression,4,True,SGD9,early,2,2,"[0.547793807839875, 0.5599314645543747]","[-0.2577889636158943, -0.2594314515590668]","[[-0.30923017863322166, -0.20634774859856697], [-0.3105337938076398, -0.20832910931049378]]"
SGD9/Adam,multivariate_regression,4,True,SGD9,terminal,2,2,"[0.5922392489219434, 0.6109760518564518]","[-0.21268305778503416, -0.20997110605239866]","[[-0.27006889196456185, -0.1552972236055065], [-0.2665848030868822, -0.1533574090179152]]"
SGD9/Adam,multivariate_regression,4,True,SGD9,zero,2,2,"[0.7444302995865446, 0.7517073746389986]","[-0.17212946414947505, -0.17078064084053035]","[[-0.24110257050828893, -0.1031563577906613], [-0.24063106857364672, -0.1009302131074141]]"
SGD9/Adam,spiral_classification,4,False,SGD9,all,2,2,"[0.9803510331093652, 0.9785815324347039]","[-0.012985712289810158, -0.01416600942611701]","[[-0.017718152409229127, -0.008253272170391235], [-0.01874503010796641, -0.009586988744267479]]"
SGD9/Adam,spiral_classification,4,False,SGD9,early,2,0,"[1.0002644787238615, 1.0002390790052094]","[0.00018349289894104004, 0.00016590356826784447]","[[-0.0011160495589316673, 0.0014830353568137473], [-0.0011930350837537232, 0.001524842220289368]]"
SGD9/Adam,spiral_classification,4,False,SGD9,terminal,2,2,"[0.9957999623461355, 0.9963880576043882]","[-0.002864307165145852, -0.002468740940093972]","[[-0.005016288361230943, -0.0007123259690608045], [-0.004463867867480454, -0.0004736140127075345]]"
SGD9/Adam,spiral_classification,4,False,SGD9,zero,2,0,"[1.0010156731598976, 1.0006256407498342]","[0.0007036566734313077, 0.0004337728023529053]","[[-0.0006677614322320179, 0.002075074779094811], [-0.0009457490476188508, 0.0018132946523246613]]"
SGD9/Adam,spiral_classification,4,True,SGD9,all,2,2,"[0.7867799258557724, 0.7905207732476789]","[-0.16288687586784356, -0.15857477188110347]","[[-0.21213082147176146, -0.11364293026392577], [-0.20695907632747107, -0.11019046743473598]]"
SGD9/Adam,spiral_classification,4,True,SGD9,early,2,2,"[0.8934461434894466, 0.8881507256322885]","[-0.07583369612693791, -0.08026362061500547]","[[-0.10346361143797664, -0.0482037808158991], [-0.10817376839129576, -0.052353472838715234]]"
SGD9/Adam,spiral_classification,4,True,SGD9,terminal,2,2,"[0.851764682681575, 0.8518321093395879]","[-0.10887209773063655, -0.1089920699596405]","[[-0.14983924096314727, -0.06790495449812592], [-0.1509089456094093, -0.06707519430987172]]"
SGD9/Adam,spiral_classification,4,True,SGD9,zero,2,2,"[0.892274179824967, 0.8850103192780813]","[-0.07638345956802362, -0.08241882920265198]","[[-0.11227050457738144, -0.04049641455866593], [-0.11966221489032296, -0.045175443514981]]"
SGD9/Adam,synthetic_tabular_classification,4,False,SGD9,all,2,2,"[0.8488522797393623, 0.8388355548333021]","[-0.09474642276763912, -0.10073902606964114]","[[-0.12911276541230107, -0.06038008012297725], [-0.13382215703953432, -0.0676558950997479]]"
SGD9/Adam,synthetic_tabular_classification,4,False,SGD9,early,2,1,"[0.9997383278870392, 1.001320104565256]","[-0.00018167495727539062, 0.0009169578552246094]","[[-0.001260396931303026, 0.0008970470167522448], [-0.0003104161247701289, 0.002144331835219348]]"
SGD9/Adam,synthetic_tabular_classification,4,False,SGD9,terminal,2,0,"[1.0021119570400474, 1.0077285085661132]","[0.001457124948501587, 0.005337870121002175]","[[0.0001988676455491297, 0.002715382251454044], [0.0030786001762017423, 0.007597140065802653]]"
SGD9/Adam,synthetic_tabular_classification,4,False,SGD9,zero,2,1,"[0.9988455293104538, 1.000334647538624]","[-0.0008023023605345792, 0.00023269057273866967]","[[-0.001833942493187466, 0.00022933777211813], [-0.0009562667613968451, 0.00142164790687414]]"
SGD9/Adam,synthetic_tabular_classification,4,True,SGD9,all,2,2,"[0.7359078686802021, 0.7208061851618787]","[-0.16232080459594733, -0.1715543210506439]","[[-0.20319521214937414, -0.12144639704252042], [-0.20959246548057392, -0.1335161766207139]]"
SGD9/Adam,synthetic_tabular_classification,4,True,SGD9,early,2,2,"[0.9632768871645181, 0.960936866289047]","[-0.02443896532058709, -0.02603474259376526]","[[-0.03236511783092119, -0.016512812810253123], [-0.03656093056763306, -0.015508554619897457]]"
SGD9/Adam,synthetic_tabular_classification,4,True,SGD9,terminal,2,2,"[0.9501264295386115, 0.9508260928006882]","[-0.03314287662506099, -0.03270812630653386]","[[-0.05044371561055476, -0.0158420376395673], [-0.05032798486029567, -0.015088267752771965]]"
SGD9/Adam,synthetic_tabular_classification,4,True,SGD9,zero,2,2,"[0.994897636404471, 0.9966339860764702]","[-0.0034890472888946533, -0.002305781841278054]","[[-0.007365024185470682, 0.00038692960768137467], [-0.007134137914801511, 0.0025225742322453593]]"
SGD9/Adam,xor_classification,4,False,SGD9,all,2,2,"[0.9575963655752175, 0.9542232736709466]","[-0.028306674957275346, -0.030513465404510498]","[[-0.043009777017006534, -0.01360357289754425], [-0.04777634635414875, -0.01325058445487225]]"
SGD9/Adam,xor_classification,4,False,SGD9,early,2,2,"[0.9987664734884739, 0.9987095711804252]","[-0.000858342647552468, -0.0008978366851807307]","[[-0.002414361205516375, 0.0006976759104113946], [-0.001992210791198547, 0.0001965374208372187]]"
SGD9/Adam,xor_classification,4,False,SGD9,terminal,2,0,"[1.001722852991046, 1.0004704930747643]","[0.0011945009231567605, 0.0003260672092437744]","[[-0.00041778429125313927, 0.002806786137566616], [-0.0003937454064484935, 0.0010458798249360422]]"
SGD9/Adam,xor_classification,4,False,SGD9,zero,2,2,"[0.9983428611007588, 0.9982615855295552]","[-0.0011536777019500732, -0.0012101233005523682]","[[-0.002713055511870502, 0.00040570010797035547], [-0.0023448697189524144, -7.537688215232172e-05]]"
SGD9/Adam,xor_classification,4,True,SGD9,all,2,2,"[0.9185153732186769, 0.9114989443993313]","[-0.054852175712585494, -0.059227609634399436]","[[-0.07102506511688239, -0.03867928630828851], [-0.0750257468010223, -0.043429472467776536]]"
SGD9/Adam,xor_classification,4,True,SGD9,early,2,2,"[0.9959256872411104, 0.9955484828772161]","[-0.0028116822242736372, -0.0030694723129272017]","[[-0.006232807621677222, 0.0006094431731298593], [-0.006024304343872461, -0.00011464028198203066]]"
SGD9/Adam,xor_classification,4,True,SGD9,terminal,2,2,"[0.9893834432594076, 0.9874436417584036]","[-0.007305622100830078, -0.008623218536376931]","[[-0.011227763962448054, -0.003383480239212102], [-0.012497654531682542, -0.004748782541071366]]"
SGD9/Adam,xor_classification,4,True,SGD9,zero,2,1,"[1.0000083757854497, 0.9998809307669256]","[5.8174133300559205e-06, -8.264780044553444e-05]","[[-0.0016729252652894326, 0.0016845600919495887], [-0.0013908376106454747, 0.0012255420097543616]]"
SGD9/SGD0,multivariate_regression,4,False,SGD9,all,2,0,"[1.065885031439641, 1.0578345888354888]","[0.010110803693532927, 0.009954814612865459]","[[0.006096975425505997, 0.014124631961559893], [-0.00012131026021045162, 0.020030939485941347]]"
SGD9/SGD0,multivariate_regression,4,False,SGD9,terminal,2,0,"[1.0025946531047127, 1.0029506291653993]","[0.0013093650341033936, 0.0015192598104476485]","[[3.197701169908949e-05, 0.0025867530565076976], [1.8632699161518808e-05, 0.003019886921733867]]"
SGD9/SGD0,multivariate_regression,4,True,SGD9,all,2,0,"[1.0386932534720332, 1.0297779063588985]","[0.006529821455478674, 0.005721653997898091]","[[-5.4555899283987956e-05, 0.013114198810241326], [-0.0007499867875412364, 0.01219329478333744]]"
SGD9/SGD0,multivariate_regression,4,True,SGD9,terminal,2,0,"[1.036051824015674, 1.0390619188221975]","[0.01074905842542645, 0.012397083640098616]","[[0.004268662395508176, 0.017229454455344788], [0.007081538004188883, 0.01771262927600826]]"
SGD9/SGD0,spiral_classification,4,False,SGD9,all,2,0,"[1.0006898715646895, 1.0013015950884039]","[0.00044665932655341134, 0.0008413314819335493]","[[0.00011503191560610252, 0.0007782867375005869], [0.000610591003757778, 0.0010720719601094095]]"
SGD9/SGD0,spiral_classification,4,False,SGD9,terminal,2,0,"[1.0004691702626873, 1.0004052068666467]","[0.0003184676170349121, 0.0002758443355560525]","[[0.00018487992412119847, 0.0004520553099486257], [0.00018955634500387688, 0.0003621323261081836]]"
SGD9/SGD0,spiral_classification,4,True,SGD9,all,2,0,"[1.0049602713283556, 1.0054109958325905]","[0.002966660261154219, 0.003220623731613137]","[[0.0014520875845490376, 0.004481232937759313], [0.0022280452507562123, 0.004213202212470106]]"
SGD9/SGD0,spiral_classification,4,True,SGD9,terminal,2,0,"[1.0013586685464226, 1.0036843093061196]","[0.0008488059043885166, 0.002300137281417869]","[[-0.0021443312729323076, 0.003841943081709163], [0.0010987041634571487, 0.003501570399378545]]"
SGD9/SGD0,synthetic_tabular_classification,4,False,SGD9,all,2,0,"[1.0345413282950624, 1.0378989895109476]","[0.017765790224075317, 0.01914599239826198]","[[0.012704290680050405, 0.02282728976810023], [0.014117951898823151, 0.024174032897700898]]"
SGD9/SGD0,synthetic_tabular_classification,4,False,SGD9,terminal,2,0,"[1.0002007346249198, 1.0007236810881315]","[0.00013875961303710938, 0.0005033254623412198]","[[-4.528588593970964e-05, 0.0003228051120139284], [-0.0003084952537552453, 0.0013151461784378625]]"
SGD9/SGD0,synthetic_tabular_classification,4,True,SGD9,all,2,0,"[1.035268523050576, 1.0374805421202544]","[0.015409070253372181, 0.016000747680664062]","[[0.01328711539660022, 0.017531025110144163], [0.013660950136000112, 0.018340545225328013]]"
SGD9/SGD0,synthetic_tabular_classification,4,True,SGD9,terminal,2,0,"[1.005334291899955, 1.006034691871835]","[0.0033501744270325595, 0.003793710470199496]","[[0.001733719438288061, 0.00496662941577688], [0.001996165806884362, 0.005591255133514808]]"
SGD9/SGD0,xor_classification,4,False,SGD9,all,2,0,"[1.0070172315307158, 1.0076338670241665]","[0.004454481601715132, 0.0048187971115112305]","[[0.0023856813148396038, 0.006523281888590572], [0.0025232973907921203, 0.007114296832230341]]"
SGD9/SGD0,xor_classification,4,False,SGD9,terminal,2,0,"[1.0002246100201444, 1.0000254205119632]","[0.0001559615135192649, 1.76250934600386e-05]","[[-0.0001366855629423348, 0.00044860858998090904], [-9.5856464865363e-05, 0.000131106651785529]]"
SGD9/SGD0,xor_classification,4,True,SGD9,all,2,0,"[1.0098925553514586, 1.0108388595215374]","[0.006056725978851318, 0.006540840864181496]","[[0.003951816276425515, 0.008161635681277122], [0.004627743147245505, 0.008453938581117534]]"
SGD9/SGD0,xor_classification,4,True,SGD9,terminal,2,0,"[1.00112538782, 1.0010750945042253]","[0.0007653355598449263, 0.0007282793521881104]","[[0.00042029590574401305, 0.0011103752139459285], [0.0004838202458894419, 0.0009727384584867788]]"
all/terminal,multivariate_regression,4,False,Adam,all,2,2,"[0.7277311537106358, 0.7383372103028985]","[-0.145746822655201, -0.144400829076767]","[[-0.2044381806234055, -0.0870554646869964], [-0.20316683484477802, -0.08563482330875591]]"
all/terminal,multivariate_regression,4,False,SGD0,all,2,2,"[0.30410074514468566, 0.33429363348676755]","[-0.35117840990424154, -0.34276788830757143]","[[-0.3685233901588207, -0.3338334296496624], [-0.36912385795369806, -0.3164119186614448]]"
all/terminal,multivariate_regression,4,False,SGD9,all,2,2,"[0.32329758721095847, 0.35258701480058463]","[-0.342376971244812, -0.3343323335051536]","[[-0.3574755538272655, -0.3272783886623586], [-0.35400257926582723, -0.3146620877444801]]"
all/terminal,multivariate_regression,4,True,Adam,all,2,2,"[0.8034155924763019, 0.8108503023683271]","[-0.10253604054450982, -0.10209132730960846]","[[-0.16464372835018756, -0.04042835273883222], [-0.16656253781159583, -0.03762011680762109]]"
all/terminal,multivariate_regression,4,True,SGD0,all,2,2,"[0.5660084008744252, 0.6054265654564212]","[-0.1293970882892609, -0.12522579580545423]","[[-0.1970648812337869, -0.0617292953447348], [-0.18981364404010875, -0.06063794757079975]]"
all/terminal,multivariate_regression,4,True,SGD9,all,2,2,"[0.5674514476679935, 0.600017082462683]","[-0.13361632525920866, -0.13190122544765476]","[[-0.20249552482577132, -0.06473712569264604], [-0.1992052301490856, -0.06459722074622389]]"
all/terminal,spiral_classification,4,False,Adam,all,2,2,"[0.9690800435138902, 0.9676636511131507]","[-0.0210865378379822, -0.02210170030593872]","[[-0.026322590342423145, -0.015850485333541213], [-0.028055180320715335, -0.016148220291162106]]"
all/terminal,spiral_classification,4,False,SGD0,all,2,2,"[0.9538352355174128, 0.9495196684509667]","[-0.031336134672165006, -0.034364455938339256]","[[-0.03750568262572148, -0.025166586718608348], [-0.0420583739985832, -0.02667053787809527]]"
all/terminal,spiral_classification,4,False,SGD9,all,2,2,"[0.9540456494758148, 0.9503704619507247]","[-0.031207942962646507, -0.03379896879196176]","[[-0.03749772409571968, -0.02491816182957329], [-0.04141895563242435, -0.026178981951498984]]"
all/terminal,spiral_classification,4,True,Adam,all,2,0,"[1.0401431184387209, 1.0290875656961094]","[0.02948329448699949, 0.021396768093109086]","[[0.0012482606136009766, 0.057718328360398044], [-0.009124543769816727, 0.05191807995603499]]"
all/terminal,spiral_classification,4,True,SGD0,all,2,2,"[0.9573428776286113, 0.9533779761901922]","[-0.026649338006973222, -0.02910642027854915]","[[-0.05472000966465453, 0.0014213336507079982], [-0.05872994782790202, 0.0005171072708036323]]"
all/terminal,spiral_classification,4,True,SGD9,all,2,2,"[0.9607861681094696, 0.9550181183054551]","[-0.02453148365020752, -0.028185933828353882]","[[-0.05151559484598352, 0.0024526275455684747], [-0.05661474043469361, 0.00024287277798584403]]"
all/terminal,synthetic_tabular_classification,4,False,Adam,all,2,2,"[0.9085514092148141, 0.9050158818518361]","[-0.0630940973758698, -0.06560294032096858]","[[-0.07697224450193858, -0.049215950249800924], [-0.08204608332337597, -0.04915979731856128]]"
all/terminal,synthetic_tabular_classification,4,False,SGD0,all,2,2,"[0.7440544288141517, 0.7263544034705293]","[-0.1769246757030487, -0.19032250344753265]","[[-0.22512431103162514, -0.12872504037447227], [-0.23846476765467617, -0.14218023924038914]]"
all/terminal,synthetic_tabular_classification,4,False,SGD9,all,2,2,"[0.7696005716271327, 0.753337325413504]","[-0.1592976450920105, -0.1716798365116119]","[[-0.2035024646618807, -0.11509282552214029], [-0.21607584392362736, -0.12728382909959654]]"
all/terminal,synthetic_tabular_classification,4,True,Adam,all,2,2,"[0.9249089578612005, 0.9237935372869509]","[-0.049900841712951616, -0.05068888664245608]","[[-0.06433020608200586, -0.03547147734389745], [-0.06586229190237589, -0.035515481382536226]]"
all/terminal,synthetic_tabular_classification,4,True,SGD0,all,2,2,"[0.695662383223925, 0.6790868642012429]","[-0.19113766551017758, -0.20174211859703067]","[[-0.2284729821123706, -0.1538023489079846], [-0.2383915802526755, -0.16509265694138578]]"
all/terminal,synthetic_tabular_classification,4,True,SGD9,all,2,2,"[0.7163760092784606, 0.7003132334406661]","[-0.17907876968383796, -0.1895350813865661]","[[-0.2172874340366317, -0.1408701053310441], [-0.22709977565079462, -0.1519703871223377]]"
all/terminal,xor_classification,4,False,Adam,all,2,2,"[0.9628253313825249, 0.961818022739286]","[-0.025774210691452026, -0.026461368799209573]","[[-0.03612321844965387, -0.015425202933250186], [-0.03842900444886478, -0.014493733149554404]]"
all/terminal,xor_classification,4,False,SGD0,all,2,2,"[0.9142038566242633, 0.9104307444285601]","[-0.05957390666008, -0.06210207343101504]","[[-0.08542114529394901, -0.03372666802621091], [-0.09219832333154002, -0.032005823530490016]]"
all/terminal,xor_classification,4,False,SGD9,all,2,2,"[0.9204123029265677, 0.9173575319681246]","[-0.05527538657188413, -0.057300901412963845]","[[-0.07930146318265907, -0.031249309961109237], [-0.085147137359163, -0.029454665466764725]]"
all/terminal,xor_classification,4,True,Adam,all,2,2,"[0.9782382934181272, 0.9744735597683012]","[-0.014974987506866433, -0.017530566453933694]","[[-0.024827436434202082, -0.005122538579530829], [-0.026677518737266023, -0.008383614170601404]]"
all/terminal,xor_classification,4,True,SGD0,all,2,2,"[0.9002844618818019, 0.8908378068005243]","[-0.06781293153762824, -0.07394751906394958]","[[-0.09135603357145053, -0.04426982950380581], [-0.09736710809372881, -0.05052793003417037]]"
all/terminal,xor_classification,4,True,SGD9,all,2,2,"[0.9081685339464154, 0.899526396759348]","[-0.06252154111862185, -0.0681349575519562]","[[-0.08456253736882173, -0.04048054486842191], [-0.0899534025010359, -0.04631651260287645]]"
depth4/2,multivariate_regression,4,False,SGD0,early,2,0,"[1.1603961816307633, 1.1488770852960133]","[0.07177912294864652, 0.06967670023441319]","[[0.054332234420706796, 0.0892260114765863], [0.05233614794273071, 0.08701725252609559]]"
depth4/2,multivariate_regression,4,False,SGD0,terminal,2,0,"[2.043884302256085, 1.9023562510985137]","[0.25773743093013757, 0.24423258155584338]","[[0.22932423662051588, 0.28615062523975937], [0.21674035460069926, 0.27172480851098746]]"
depth4/2,multivariate_regression,4,False,SGD0,zero,2,0,"[1.0066962130265074, 1.0054619441883297]","[0.003457891941070601, 0.0029238283634186457]","[[-0.0011372282765879684, 0.008053012158729082], [-0.0021406586214326928, 0.00798831534826985]]"
depth4/2,multivariate_regression,4,True,SGD0,early,2,0,"[1.11070331160266, 1.0877741280036322]","[0.02938177138566972, 0.025269740819931052]","[[-0.022721787676370387, 0.08148533044770981], [-0.0249520948090255, 0.07549157644888757]]"
depth4/2,multivariate_regression,4,True,SGD0,terminal,2,0,"[1.0888615632343523, 1.0633663692692348]","[0.02433237284421924, 0.018912191689014424]","[[-0.04481328561652446, 0.09347803130496288], [-0.05186037081846534, 0.08968475419649422]]"
depth4/2,multivariate_regression,4,True,SGD0,zero,2,0,"[1.0429754990847278, 1.0391132844419553]","[0.020613625645637568, 0.019413927197456327]","[[-0.014622653328704056, 0.05584990461997908], [-0.012051945661969952, 0.050879800056882675]]"
depth4/2,spiral_classification,4,False,SGD0,early,2,0,"[1.0099539100917279, 1.008713344153021]","[0.006839406490325883, 0.005995452404022217]","[[0.0018948189642230152, 0.01178399401642884], [0.0010114041236630265, 0.010979500684381407]]"
depth4/2,spiral_classification,4,False,SGD0,terminal,2,0,"[1.0235744648708323, 1.0249339256077632]","[0.015633535385131903, 0.016560828685760476]","[[0.009299492430877618, 0.021967578339386055], [0.009476596461501435, 0.02364506091001956]]"
depth4/2,spiral_classification,4,False,SGD0,zero,2,0,"[1.0172304430023353, 1.013034248126119]","[0.011746358871459917, 0.00892595052719114]","[[0.004752665675577113, 0.018740052067342812], [0.002250995900282185, 0.01560090515410014]]"
depth4/2,spiral_classification,4,True,SGD0,early,2,2,"[0.9738840408448797, 0.9698398814562604]","[-0.017035573720932007, -0.019760727882385254]","[[-0.023930178514634585, -0.010140968927229429], [-0.027226645425794498, -0.012294810338976012]]"
depth4/2,spiral_classification,4,True,SGD0,terminal,2,2,"[0.954016974532267, 0.9488097832847929]","[-0.030111771821975775, -0.0336825907230377]","[[-0.04072427239477248, -0.01949927124917894], [-0.04535637303759287, -0.022008808408482565]]"
depth4/2,spiral_classification,4,True,SGD0,zero,2,2,"[0.9624413925563063, 0.9581314358635433]","[-0.02469817996025092, -0.027633780241012595]","[[-0.03158719584324232, -0.01780916407725939], [-0.03565820021168642, -0.019609360270338733]]"
depth4/2,synthetic_tabular_classification,4,False,SGD0,early,2,0,"[1.0042367487147397, 1.0046959770890533]","[0.002928119897842363, 0.0032509028911590354]","[[-0.0014183688648708266, 0.007274608660555641], [-0.002034440631602148, 0.008536246413920263]]"
depth4/2,synthetic_tabular_classification,4,False,SGD0,terminal,2,0,"[1.049000702888462, 1.0553407427625596]","[0.03228994607925417, 0.03647152781486518]","[[0.02146563348682363, 0.04311425867168467], [0.024500967510134548, 0.048442088119595675]]"
depth4/2,synthetic_tabular_classification,4,False,SGD0,zero,2,2,"[0.9983101739623677, 0.9983613839554649]","[-0.0011748969554901123, -0.001141631603240989]","[[-0.003008957831841277, 0.0006591639208610525], [-0.004414086119130833, 0.002130822912648899]]"
depth4/2,synthetic_tabular_classification,4,True,SGD0,early,2,2,"[0.9921451533816056, 0.995153725129386]","[-0.0050507903099059615, -0.0031023919582366943]","[[-0.026623349605913244, 0.01652176898610123], [-0.027000454480072416, 0.020795670563599027]]"
depth4/2,synthetic_tabular_classification,4,True,SGD0,terminal,2,1,"[0.9950572205107746, 1.0004504255698756]","[-0.0031197071075439453, 0.0002830326557159424]","[[-0.023826251820534185, 0.017586837605446295], [-0.019788885474398613, 0.020354950785830498]]"
depth4/2,synthetic_tabular_classification,4,True,SGD0,zero,2,0,"[1.0079121065515941, 1.0116578579568987]","[0.005336010456085227, 0.00786064267158515]","[[-0.004818379512318009, 0.015490400424488418], [-0.00431314042776906, 0.020034425770939227]]"
depth4/2,xor_classification,4,False,SGD0,early,2,2,"[0.9987639741619863, 0.9974755220410834]","[-0.0008600533008575884, -0.0017585337162018266]","[[-0.004072397360617025, 0.0023522907589019378], [-0.005396639083088436, 0.0018795716506848717]]"
depth4/2,xor_classification,4,False,SGD0,terminal,2,0,"[1.0116456101338964, 1.0115673077534317]","[0.00799322724342355, 0.00792838335037227]","[[1.1208705484372708e-05, 0.01597524578136255], [0.0003571448696934182, 0.015499621831051212]]"
depth4/2,xor_classification,4,False,SGD0,zero,2,2,"[0.9984452677236411, 0.9976493323167223]","[-0.0010822355747222012, -0.001637244224548362]","[[-0.003492250405215295, 0.0013277792557707148], [-0.004203321866914679, 0.0009288334178179994]]"
depth4/2,xor_classification,4,True,SGD0,early,2,0,"[1.0109424552038344, 1.0114658850451033]","[0.007434093952178977, 0.007775920629501276]","[[-0.010098314895210217, 0.02496650279956813], [-0.01176944278035531, 0.027321284039357994]]"
depth4/2,xor_classification,4,True,SGD0,terminal,2,0,"[1.0128906960932036, 1.011744033619424]","[0.008654928207397439, 0.007863175868988104]","[[-0.002627057978272106, 0.01993691439306703], [-0.0038590178938959687, 0.019585369631872046]]"
depth4/2,xor_classification,4,True,SGD0,zero,2,0,"[1.0086064224482416, 1.007630854955135]","[0.005925786495208807, 0.00525510311126709]","[[-0.004459479769788396, 0.016311052760205877], [-0.006067031036983922, 0.016577237259518103]]"
residual/plain,multivariate_regression,2,True,SGD0,early,2,2,"[0.5930799474680043, 0.6151408189601416]","[-0.1821013703942299, -0.18011984676122667]","[[-0.21590403596652336, -0.1482987048219364], [-0.21329021568657583, -0.1469494778358775]]"
residual/plain,multivariate_regression,2,True,SGD0,terminal,2,0,"[1.1090353391783565, 1.1027002384832756]","[0.026921075582504256, 0.027796941995620716]","[[-0.012077977104362186, 0.06592012826937073], [-0.010465512216326179, 0.06605939620756764]]"
residual/plain,multivariate_regression,2,True,SGD0,zero,2,2,"[0.9288622216004689, 0.9272236358367462]","[-0.03673520386219026, -0.03895784914493555]","[[-0.0704649580459887, -0.0030054496783917944], [-0.07107184132965977, -0.006843856960211454]]"
residual/plain,multivariate_regression,4,True,Adam,all,2,0,"[1.0757110241380896, 1.0740918123962753]","[0.029493834078311965, 0.03018927574157715]","[[-0.02523510753606838, 0.08422277569269222], [-0.026305163000199264, 0.08668371448335356]]"
residual/plain,multivariate_regression,4,True,Adam,early,2,2,"[0.8017820680678582, 0.8162200884635709]","[-0.140933558344841, -0.13273732662200932]","[[-0.21093026826506367, -0.07093684842461835], [-0.2028008287537238, -0.06267382449029474]]"
residual/plain,multivariate_regression,4,True,Adam,terminal,2,2,"[0.974375444024448, 0.9780374380542716]","[-0.013716948032379217, -0.012120226025581382]","[[-0.05210231094746555, 0.02466841488270725], [-0.04845702101952318, 0.024216568968360455]]"
residual/plain,multivariate_regression,4,True,Adam,zero,2,2,"[0.933297330129965, 0.9390830784811859]","[-0.04813589453697209, -0.04461786150932312]","[[-0.07772528331956469, -0.01854650575437941], [-0.07334451898505591, -0.015891204033590334]]"
residual/plain,multivariate_regression,4,True,SGD0,all,2,0,"[1.0996820528671785, 1.1163025255915966]","[0.015297339111566527, 0.020018644630908966]","[[-0.0072827208398338825, 0.03787739906296697], [-0.002243080710129689, 0.04228036997194762]]"
residual/plain,multivariate_regression,4,True,SGD0,early,2,2,"[0.5676818591147802, 0.582424592245569]","[-0.22449872195720671, -0.2245268061757088]","[[-0.2708686408507905, -0.17812880306362294], [-0.2725177846400478, -0.17653582771136977]]"
residual/plain,multivariate_regression,4,True,SGD0,terminal,2,2,"[0.590828919115884, 0.6163800015434429]","[-0.2064839825034141, -0.19752344787120824]","[[-0.27307432088035266, -0.13989364412647567], [-0.26606330752229207, -0.1289835882201243]]"
residual/plain,multivariate_regression,4,True,SGD0,zero,2,2,"[0.9623365287549651, 0.9582564543746319]","[-0.01957947015762329, -0.02246775031089787]","[[-0.03074919053390182, -0.008409749781344763], [-0.03371336399463732, -0.011222136627158335]]"
residual/plain,multivariate_regression,4,True,SGD9,all,2,0,"[1.0716280795637538, 1.0866951126379163]","[0.011716356873512274, 0.015785484015941598]","[[-0.0077528486892347575, 0.031185562436259293], [-0.0048400010586505116, 0.03641096909053375]]"
residual/plain,multivariate_regression,4,True,SGD9,early,2,2,"[0.6019042598526988, 0.6143228352533254]","[-0.20654041618108754, -0.20723564028739927]","[[-0.2567196682858973, -0.15636116407627768], [-0.2594061291240776, -0.155065151450721]]"
residual/plain,multivariate_regression,4,True,SGD9,terminal,2,2,"[0.6105452262643264, 0.6385727956123941]","[-0.19704428911209104, -0.18664562404155727]","[[-0.26529707224509685, -0.12879150597908529], [-0.2546398615928288, -0.11865138649028587]]"
residual/plain,multivariate_regression,4,True,SGD9,zero,2,2,"[0.9653807064503013, 0.961301175807549]","[-0.017979991436004594, -0.020814305543899514]","[[-0.028280797473527294, -0.007679185398481985], [-0.03116259458191454, -0.01046601650588453]]"
residual/plain,spiral_classification,2,True,SGD0,early,2,2,"[0.9493494017345777, 0.9522101395235202]","[-0.034802407026290894, -0.03288310766220093]","[[-0.0418215221182812, -0.02778329193430059], [-0.04006677818392373, -0.025699437140478124]]"
residual/plain,spiral_classification,2,True,SGD0,terminal,2,2,"[0.987468863874469, 0.9906656731909805]","[-0.008310091495513872, -0.0061997532844544345]","[[-0.01724286400717888, 0.000622681016151044], [-0.015168598183056149, 0.0027690916141474564]]"
residual/plain,spiral_classification,2,True,SGD0,zero,2,2,"[0.9646030870484689, 0.9637929409113]","[-0.0241308271884918, -0.02479486465454106]","[[-0.029866033647144456, -0.018395620729839184], [-0.03156891833857215, -0.018020810970509876]]"
residual/plain,spiral_classification,4,True,Adam,all,2,0,"[1.1559310989555245, 1.1445479760526762]","[0.10305256247520445, 0.09560291767120355]","[[0.06902777972217393, 0.137077345228235], [0.06052740077402933, 0.1306784345683779]]"
residual/plain,spiral_classification,4,True,Adam,early,2,0,"[1.025804334696747, 1.034120836132996]","[0.01790280938148503, 0.023677396774292037]","[[-0.011546684739527895, 0.04735230350249786], [-0.0031511306650133034, 0.050505924213597286]]"
residual/plain,spiral_classification,4,True,Adam,terminal,2,0,"[1.0769573338679677, 1.0762324901206286]","[0.052482730150222756, 0.05210444927215574]","[[0.013326392687535424, 0.09163906761291013], [0.013669684477604804, 0.09053921406670672]]"
residual/plain,spiral_classification,4,True,Adam,zero,2,0,"[1.0234642576421094, 1.0337851335000012]","[0.016255998611450106, 0.023424100875854448]","[[-0.01946856870138515, 0.05198056592428554], [-0.011235201452641255, 0.05808340320435024]]"
residual/plain,spiral_classification,4,True,SGD0,all,2,2,"[0.9237495050267958, 0.920813229514576]","[-0.049368602037429765, -0.0511851370334625]","[[-0.07000031388803045, -0.028736890186829164], [-0.07477416271467022, -0.027596111352254836]]"
residual/plain,spiral_classification,4,True,SGD0,early,2,2,"[0.9154439844200096, 0.9155141787207755]","[-0.058677387237548784, -0.0586392879486084]","[[-0.06518251710735762, -0.05217225736774003], [-0.06484890912445793, -0.05242966677275887]]"
residual/plain,spiral_classification,4,True,SGD0,terminal,2,2,"[0.9203649468504642, 0.9170867108634797]","[-0.05405539870262155, -0.05644317269325261]","[[-0.06557782742237896, -0.04253296998286396], [-0.06744832146561466, -0.04543802392089047]]"
residual/plain,spiral_classification,4,True,SGD0,zero,2,2,"[0.9126485987019453, 0.9115588303738437]","[-0.06057536602020264, -0.061354595422744795]","[[-0.06805094676846898, -0.05309978527193629], [-0.06992035430613065, -0.052788836539358855]]"
residual/plain,spiral_classification,4,True,SGD9,all,2,2,"[0.9276915651795431, 0.9245923012639724]","[-0.04684860110282896, -0.048805844783782915]","[[-0.06668900422722987, -0.027008197978428093], [-0.0716065732768342, -0.026005116290731708]]"
residual/plain,spiral_classification,4,True,SGD9,early,2,2,"[0.9162585959053938, 0.9182356401395969]","[-0.05811437964439392, -0.05675212740898128]","[[-0.06472191478096999, -0.051506844507817846], [-0.06280461867755306, -0.05069963614040957]]"
residual/plain,spiral_classification,4,True,SGD9,terminal,2,2,"[0.921183225978864, 0.9200927140811355]","[-0.053525060415267944, -0.05441887974739079]","[[-0.0657761050253591, -0.04127401580517679], [-0.06475400646393246, -0.044083753030849035]]"
residual/plain,spiral_classification,4,True,SGD9,zero,2,2,"[0.9122841485439058, 0.9143384636617623]","[-0.060831117630004816, -0.059428501129150435]","[[-0.06897556596228992, -0.05268666929771985], [-0.06796928663385308, -0.05088771562444771]]"
residual/plain,synthetic_tabular_classification,2,True,SGD0,early,2,2,"[0.9303909560808887, 0.9247207349105863]","[-0.04810850024223334, -0.05211387872695916]","[[-0.05840231492728764, -0.03781468555717891], [-0.06399803422558467, -0.04022972322833379]]"
residual/plain,synthetic_tabular_classification,2,True,SGD0,terminal,2,2,"[0.9578060512845272, 0.9534645201705151]","[-0.02780450582504279, -0.030668544769287043]","[[-0.04291237070715059, -0.012696640942934854], [-0.047187536883820616, -0.014149552654753598]]"
residual/plain,synthetic_tabular_classification,2,True,SGD0,zero,2,2,"[0.9699888987477912, 0.9678109143135147]","[-0.020866024494171076, -0.022426289319992132]","[[-0.02922414990958532, -0.012507899078756964], [-0.03248134522277195, -0.01237123341721218]]"
residual/plain,synthetic_tabular_classification,4,True,Adam,all,2,2,"[0.9805223662714095, 0.9830313271159248]","[-0.012209486961364702, -0.010606604814529463]","[[-0.0337609008446573, 0.009341926921927805], [-0.03277086293866002, 0.01155765330960119]]"
residual/plain,synthetic_tabular_classification,4,True,Adam,early,2,2,"[0.958529983760876, 0.9595004121594021]","[-0.02879199981689451, -0.028131419420242332]","[[-0.04315294726842649, -0.014431052365362566], [-0.04445228140069947, -0.011810557439785152]]"
residual/plain,synthetic_tabular_classification,4,True,Adam,terminal,2,2,"[0.9631812624050964, 0.9630495640948087]","[-0.02540274262428288, -0.02552065849304197]","[[-0.03684279896465198, -0.013962686283913695], [-0.03735513907996725, -0.01368617790611673]]"
residual/plain,synthetic_tabular_classification,4,True,Adam,zero,2,2,"[0.983966456778811, 0.985169942470523]","[-0.011142551898956299, -0.01031178832054136]","[[-0.020474553449527366, -0.0018105503483852314], [-0.02070500670053573, 8.143005945296725e-05]]"
residual/plain,synthetic_tabular_classification,4,True,SGD0,all,2,2,"[0.8494614350065657, 0.8450534154594155]","[-0.07742714881896978, -0.0782766550779343]","[[-0.1218871133988913, -0.03296718423904816], [-0.12541511255244622, -0.03113819760342232]]"
residual/plain,synthetic_tabular_classification,4,True,SGD0,early,2,2,"[0.919188507099674, 0.9159380599063414]","[-0.05608741044998167, -0.05846717357635489]","[[-0.07427484754092784, -0.037899973359035534], [-0.08091042322930685, -0.03602392392340312]]"
residual/plain,synthetic_tabular_classification,4,True,SGD0,terminal,2,2,"[0.9085521340026407, 0.9038729827423948]","[-0.06321415901184091, -0.06685703992843628]","[[-0.08946393158764727, -0.03696438643603438], [-0.09436621890318345, -0.03934786095368912]]"
residual/plain,synthetic_tabular_classification,4,True,SGD0,zero,2,2,"[0.9793184320541656, 0.9807005080691237]","[-0.014355117082595736, -0.013424015045165993]","[[-0.023121941901004448, -0.0055882922641872015], [-0.02420490786162225, -0.0026431222287097815]]"
residual/plain,synthetic_tabular_classification,4,True,SGD9,all,2,2,"[0.8500585343042476, 0.84471271718312]","[-0.07978386878967292, -0.08142189979553222]","[[-0.12228193420236982, -0.037285803376975866], [-0.12621532531536137, -0.0366284742757031]]"
residual/plain,synthetic_tabular_classification,4,True,SGD9,early,2,2,"[0.9235714519043228, 0.9208037620135657]","[-0.05304929018020621, -0.0550831198692322]","[[-0.07066817028851828, -0.03543041007189432], [-0.07674540653404247, -0.03342083320442189]]"
residual/plain,synthetic_tabular_classification,4,True,SGD9,terminal,2,2,"[0.9132153023605474, 0.9086699903971186]","[-0.06000274419784546, -0.063566654920578]","[[-0.08471124509975636, -0.03529424329593456], [-0.08948219934701829, -0.03765111049413772]]"
residual/plain,synthetic_tabular_classification,4,True,SGD9,zero,2,2,"[0.9800773727508495, 0.9815253816740499]","[-0.013829296827316373, -0.012850260734558083]","[[-0.022467817282418943, -0.005190776372213624], [-0.023401584445298856, -0.0022989370238173552]]"
residual/plain,xor_classification,2,True,SGD0,early,2,2,"[0.9763723012994003, 0.9735653745052737]","[-0.016440659761428833, -0.018414175510406472]","[[-0.032919712079729574, 3.839255687191137e-05], [-0.035871501261091766, -0.0009568497597212192]]"
residual/plain,xor_classification,2,True,SGD0,terminal,2,2,"[0.9781989380552985, 0.97685106190997]","[-0.014963650703430087, -0.015866583585739225]","[[-0.03012647359529566, 0.00019917218843530822], [-0.030405231603136434, -0.0013279355683418325]]"
residual/plain,xor_classification,2,True,SGD0,zero,2,2,"[0.9891385977946758, 0.9887484432658682]","[-0.0075605273246764915, -0.007836729288101196]","[[-0.01857498396920127, 0.0034539293198482413], [-0.018920652050807993, 0.0032471934746055985]]"
residual/plain,xor_classification,4,True,Adam,all,2,0,"[1.0083989888462452, 1.0039889957947337]","[0.0056067705154418945, 0.002658951282501265]","[[-0.006631795184266105, 0.017845336215149894], [-0.010446512507911999, 0.015764415072914442]]"
residual/plain,xor_classification,4,True,Adam,early,2,2,"[0.9917441968593393, 0.9910427284581883]","[-0.005744755268096924, -0.006232166290283225]","[[-0.011020171613662453, -0.0004693389225313956], [-0.01165451081595853, -0.0008098217646078749]]"
residual/plain,xor_classification,4,True,Adam,terminal,2,2,"[0.9925108198424343, 0.9909501403166794]","[-0.005192452669143699, -0.006271851062774614]","[[-0.011179785328587877, 0.000794879990300524], [-0.013207826514488947, 0.0006641243889396308]]"
residual/plain,xor_classification,4,True,Adam,zero,2,2,"[0.9976513413317436, 0.997138416939888]","[-0.0016351044178009033, -0.0019919693470001887]","[[-0.0043196733988694076, 0.001049464563267601], [-0.004950075198139061, 0.0009661365041388164]]"
residual/plain,xor_classification,4,True,SGD0,all,2,2,"[0.9644907641431034, 0.9559957129632006]","[-0.02254097461700444, -0.02777723670005794]","[[-0.04788211800089977, 0.00280016876689098], [-0.05698559187914456, 0.0014311184790285897]]"
residual/plain,xor_classification,4,True,SGD0,early,2,2,"[0.9882777483006674, 0.9872203792612826]","[-0.008146512508392267, -0.00887972116470337]","[[-0.015740349558157226, -0.0005526754586274397], [-0.016580588911742244, -0.001178853417664493]]"
residual/plain,xor_classification,4,True,SGD0,terminal,2,2,"[0.9794028594196391, 0.9770217226742499]","[-0.014301949739456199, -0.01593179106712339]","[[-0.02204638883408868, -0.0065575106448236735], [-0.02525750139301107, -0.006606080741235754]]"
residual/plain,xor_classification,4,True,SGD0,zero,2,2,"[0.9992050387516058, 0.9986409121429187]","[-0.0005525052547454834, -0.0009443819522857444]","[[-0.0033437470920821273, 0.0022387365825911605], [-0.0039492270293505945, 0.002060463124779061]]"
residual/plain,xor_classification,4,True,SGD9,all,2,2,"[0.9672446626685653, 0.9590364593968378]","[-0.020938730239868253, -0.026055192947387673]","[[-0.04517699631959909, 0.003299535839862762], [-0.05372135868517396, 0.0016109727903985752]]"
residual/plain,xor_classification,4,True,SGD9,early,2,2,"[0.9889233840365979, 0.9879059070365143]","[-0.007698094844818093, -0.008403801918029696]","[[-0.01507435944122874, -0.000321830248407492], [-0.01585375546666041, -0.0009538483693991625]]"
residual/plain,xor_classification,4,True,SGD9,terminal,2,2,"[0.9802848856605876, 0.9780472508969638]","[-0.013692575693130538, -0.015221136808395319]","[[-0.02130071225505687, -0.006084439131204112], [-0.024331681035188117, -0.006110592581602653]]"
residual/plain,xor_classification,4,True,SGD9,zero,2,2,"[0.9993157023683495, 0.9987559402122216]","[-0.00047560930252077416, -0.000864493846893355]","[[-0.0032576742286089407, 0.0023064556235674366], [-0.0038567048073635873, 0.0021277171135769667]]"
terminal/early,multivariate_regression,2,False,SGD0,terminal,2,2,"[0.5517228948884261, 0.5783168567729872]","[-0.20060912370681763, -0.1973540112376213]","[[-0.24411687178783575, -0.1571013756257995], [-0.24132224152631698, -0.15338578094892563]]"
terminal/early,multivariate_regression,2,True,SGD0,terminal,2,0,"[1.0316993357764137, 1.0366896753177293]","[0.008413322269916534, 0.010562777519226074]","[[-0.03494878132596378, 0.05177542586579685], [-0.03363738769931339, 0.05476294273776554]]"
terminal/early,multivariate_regression,4,False,Adam,terminal,2,2,"[0.7528867741896841, 0.7640691958522418]","[-0.17569826245307918, -0.17040395736694336]","[[-0.24040085471406497, -0.1109956701920935], [-0.234823456580611, -0.10598445815327574]]"
terminal/early,multivariate_regression,4,False,SGD0,terminal,2,2,"[0.9717868620292972, 0.9575999919210451]","[-0.01465081572532656, -0.022798129916191123]","[[-0.021257182382322423, -0.008044449068330652], [-0.03027979666480104, -0.015316463167581168]]"
terminal/early,multivariate_regression,4,False,SGD9,terminal,2,2,"[0.9751901441154037, 0.9610731676506259]","[-0.012871873378753729, -0.02091652750968931]","[[-0.01973013208554184, -0.006013614671965488], [-0.027922309622022086, -0.013910745397356572]]"
terminal/early,multivariate_regression,4,True,Adam,terminal,2,2,"[0.9149548413685905, 0.9155475212747923]","[-0.04848165214061739, -0.04978685677051542]","[[-0.12695542071194033, 0.02999211643070559], [-0.12686912830531374, 0.027295414764282856]]"
terminal/early,multivariate_regression,4,True,SGD0,terminal,2,0,"[1.0114111840725502, 1.0134281628160167]","[0.003363923728466056, 0.0042052283883094455]","[[-0.0855782543501673, 0.09230610180709936], [-0.08590809580094406, 0.09431855257756301]]"
terminal/early,multivariate_regression,4,True,SGD9,terminal,2,2,"[0.9891900205780055, 0.9990108526596516]","[-0.0033757463097572327, -0.00032651126384730667]","[[-0.09362399708991744, 0.08687250447040297], [-0.08949207487241916, 0.08883905234472446]]"
terminal/early,spiral_classification,2,False,SGD0,terminal,2,2,"[0.965140755595586, 0.965282234751925]","[-0.02395204901695258, -0.023888498544692993]","[[-0.02871826869243495, -0.01918582934147008], [-0.02886948140414616, -0.018907515685239826]]"
terminal/early,spiral_classification,2,True,SGD0,terminal,2,0,"[1.0038942918861984, 1.0042656922224356]","[0.0025402665138244407, 0.0027948558330535]","[[-0.004700297171736034, 0.00978083019938496], [-0.004243349032044229, 0.009833060698151408]]"
terminal/early,spiral_classification,4,False,Adam,terminal,2,2,"[0.9829646148258071, 0.9849641346275404]","[-0.011818993091583185, -0.01043380498886104]","[[-0.015420257046516214, -0.008217729136650288], [-0.014044078361755162, -0.006823531615967007]]"
terminal/early,spiral_classification,4,False,SGD0,terminal,2,2,"[0.9781569461363424, 0.9808044236932798]","[-0.015157920122146562, -0.013323122262954734]","[[-0.01931960588948266, -0.010996234354810553], [-0.017322547161809684, -0.009323697364099739]]"
terminal/early,spiral_classification,4,False,SGD9,terminal,2,2,"[0.9785773135520343, 0.9811719233041591]","[-0.014866793155670077, -0.013068449497222856]","[[-0.01899545371969056, -0.010738132591649772], [-0.017013276095851508, -0.009123622898594296]]"
terminal/early,spiral_classification,4,True,Adam,terminal,2,0,"[1.031981358493973, 1.0250740206083393]","[0.02276092767715454, 0.017993247509002663]","[[-0.021338530573029466, 0.06686038592733855], [-0.02550848059869184, 0.06149497561669721]]"
terminal/early,spiral_classification,4,True,SGD0,terminal,2,2,"[0.9834150216329821, 0.9824891015691803]","[-0.010535931587219327, -0.011127007007598944]","[[-0.019746339368825375, -0.0013255238056131009], [-0.020818831276509485, -0.0014351827386882721]]"
terminal/early,spiral_classification,4,True,SGD9,terminal,2,2,"[0.9838368890573228, 0.9831562819276823]","[-0.0102774739265441, -0.010735201835632369]","[[-0.019300148237611784, -0.0012547996154765942], [-0.02013350173831982, -0.001336901932944827]]"
terminal/early,synthetic_tabular_classification,2,False,SGD0,terminal,2,2,"[0.9534740124296717, 0.9519868412662434]","[-0.03215523958206179, -0.03323826193809509]","[[-0.04070754798707853, -0.023602931177045015], [-0.04221539834532105, -0.02426112553086913]]"
terminal/early,synthetic_tabular_classification,2,True,SGD0,terminal,2,2,"[0.9815692778168839, 0.9815781592745725]","[-0.011851245164871238, -0.011792927980422974]","[[-0.023600558002487414, -0.00010193232725501725], [-0.023257018946498873, -0.0003288370143470741]]"
terminal/early,synthetic_tabular_classification,4,False,Adam,terminal,2,2,"[0.9937430145650752, 0.9943316594360535]","[-0.004344129562377841, -0.0039372861385346125]","[[-0.007922390658713543, -0.0007658684660423153], [-0.006656170602531125, -0.0012184016745379663]]"
terminal/early,synthetic_tabular_classification,4,False,SGD0,terminal,2,2,"[0.9959752125230382, 0.9999746421529158]","[-0.00279341340064998, -1.7637014388949268e-05]","[[-0.005383246373425741, -0.0002035804278743068], [-0.0033039688832175373, 0.003268694854439461]]"
terminal/early,synthetic_tabular_classification,4,False,SGD9,terminal,2,1,"[0.9961024093428619, 1.0006953376998347]","[-0.0027053296566008633, 0.0004836261272429532]","[[-0.005231781846003931, -0.00017887746719797348], [-0.0027225968835423563, 0.0036898491380284405]]"
terminal/early,synthetic_tabular_classification,4,True,Adam,terminal,2,2,"[0.9985651648783646, 0.9980096506998418]","[-0.0009548723697662131, -0.0013265252113342507]","[[-0.013863261483431252, 0.01195351674389878], [-0.014208121859582286, 0.01155507143691383]]"
terminal/early,synthetic_tabular_classification,4,True,SGD0,terminal,2,2,"[0.9844503034603497, 0.9868026038375756]","[-0.009920161962509222, -0.008407503366470337]","[[-0.03133356486140906, 0.011493240936390755], [-0.02970333293595469, 0.012888326203014017]]"
terminal/early,synthetic_tabular_classification,4,True,SGD9,terminal,2,2,"[0.9849329589545899, 0.9875088052526374]","[-0.009658783674240112, -0.00799990892410285]","[[-0.030105339900729257, 0.010787772552249032], [-0.028251190762754123, 0.012251372914548555]]"
terminal/early,xor_classification,2,False,SGD0,terminal,2,2,"[0.9864205138709342, 0.9839504627898702]","[-0.009448897838592596, -0.011179995536804155]","[[-0.01576921114705018, -0.00312858453013488], [-0.016388363079713638, -0.005971627993894763]]"
terminal/early,xor_classification,2,True,SGD0,terminal,2,2,"[0.9882659492289535, 0.9872711988463231]","[-0.00797188878059385, -0.008632403612136907]","[[-0.014192408159555482, -0.001751369401632263], [-0.014694428008938148, -0.0025703792153355352]]"
terminal/early,xor_classification,4,False,Adam,terminal,2,2,"[0.9963824401934172, 0.9960716931589992]","[-0.00251725912094114, -0.002733182907104559]","[[-0.005170248499191137, 0.00013573025730881242], [-0.005539163968387157, 7.279815417817262e-05]]"
terminal/early,xor_classification,4,False,SGD0,terminal,2,2,"[0.9991429491045154, 0.9978511739018866]","[-0.0005956172943114568, -0.0014930784702300581]","[[-0.002420380712217889, 0.0012291461235948422], [-0.003128895440649247, 0.000142738500189042]]"
terminal/early,xor_classification,4,False,SGD9,terminal,2,2,"[0.9993317628840578, 0.9978279639542634]","[-0.0004644155502319114, -0.0015092790126800537]","[[-0.0023665016853727087, 0.0014376705849088412], [-0.003188983270220042, 0.00017042524485993472]]"
terminal/early,xor_classification,4,True,Adam,terminal,2,2,"[0.997152648560679, 0.995978635186592]","[-0.001964956521987915, -0.0027728676795959473]","[[-0.008256894262317767, 0.004326981218341937], [-0.010175041546571888, 0.004629306187379993]]"
terminal/early,xor_classification,4,True,SGD0,terminal,2,2,"[0.9901704890194708, 0.9875426939906354]","[-0.006751054525375388, -0.00854514837265008]","[[-0.014376213524859124, 0.0008741044741083911], [-0.017004303479378695, -8.5993265921595e-05]]"
terminal/early,xor_classification,4,True,SGD9,terminal,2,2,"[0.990602344660037, 0.9878702921628655]","[-0.006458896398544356, -0.008326613903045677]","[[-0.013757439144632315, 0.0008396463475436912], [-0.016596586296650583, -5.6641509440727086e-05]]"
terminal/zero,multivariate_regression,2,False,SGD0,terminal,2,2,"[0.4781266732943406, 0.5056161670572804]","[-0.2694928556680679, -0.26464815884828563]","[[-0.3008467132485622, -0.2381389980875736], [-0.2962409017716323, -0.23305541592493906]]"
terminal/zero,multivariate_regression,2,True,SGD0,terminal,2,2,"[0.570869785589459, 0.6013037701437843]","[-0.20583657622337342, -0.19789336770772936]","[[-0.24551212723520457, -0.16616102521154227], [-0.23640899143756594, -0.15937774397789273]]"
terminal/zero,multivariate_regression,4,False,Adam,terminal,2,2,"[0.7417803340410082, 0.7534543006859868]","[-0.1863438844680786, -0.18057941198348992]","[[-0.25444197325943996, -0.11824579567671725], [-0.24856475252658466, -0.1125940714403953]]"
terminal/zero,multivariate_regression,4,False,SGD0,terminal,2,2,"[0.9707353513313501, 0.9566369782740625]","[-0.015213316679000943, -0.0233394056558609]","[[-0.022191143947018425, -0.008235489410983282], [-0.031242931113841618, -0.015435880197880184]]"
terminal/zero,multivariate_regression,4,False,SGD9,terminal,2,2,"[0.9741717729078954, 0.9601361421244238]","[-0.013414233922958374, -0.02144092321395874]","[[-0.02060585659274604, -0.006222611253170709], [-0.028888056504242542, -0.013993789923674938]]"
terminal/zero,multivariate_regression,4,True,Adam,terminal,2,2,"[0.7744290260094947, 0.7847085426411067]","[-0.15192493796348572, -0.14808177649974819]","[[-0.2117944498603061, -0.09205542606666534], [-0.2066741424907599, -0.08948941050873657]]"
terminal/zero,multivariate_regression,4,True,SGD0,terminal,2,2,"[0.5959853972463273, 0.6153383047442076]","[-0.20211782902479175, -0.19839510321617126]","[[-0.26638770758867436, -0.1378479504609091], [-0.26376363354250515, -0.13302657288983738]]"
terminal/zero,multivariate_regression,4,True,SGD9,terminal,2,2,"[0.6161050469895533, 0.6377988874608818]","[-0.19247853159904482, -0.1872722417116165]","[[-0.25885324254742653, -0.12610382065066306], [-0.2523899482890271, -0.12215453513420593]]"
terminal/zero,spiral_classification,2,False,SGD0,terminal,2,2,"[0.9727663433258393, 0.9698909656855854]","[-0.018565762042999312, -0.020618891716003396]","[[-0.025797651484009, -0.011333872601989533], [-0.027192618496312677, -0.014045164935694156]]"
terminal/zero,spiral_classification,2,True,SGD0,terminal,2,2,"[0.9958256289625804, 0.9969337247212612]","[-0.0027450263500213845, -0.0020237803459167703]","[[-0.007296460569548739, 0.0018064078695060148], [-0.0060768298206901, 0.002029269128856604]]"
terminal/zero,spiral_classification,4,False,Adam,terminal,2,2,"[0.9843727223677369, 0.9858195203490266]","[-0.01082655191421511, -0.009831690788269065]","[[-0.014140369516562973, -0.007512734311867202], [-0.013231956528730271, -0.006431425047807815]]"
terminal/zero,spiral_classification,4,False,SGD0,terminal,2,2,"[0.9788330620299931, 0.9812838575896526]","[-0.014678585529327326, -0.01298401355743406]","[[-0.01848848880791755, -0.010868682250737236], [-0.01673977919664174, -0.009228247918226426]]"
terminal/zero,spiral_classification,4,False,SGD9,terminal,2,2,"[0.9792437282965265, 0.981644640140328]","[-0.01439451575279227, -0.012734204530715942]","[[-0.018172193512037787, -0.01061683799354693], [-0.016437128884618905, -0.00903128017681298]]"
terminal/zero,spiral_classification,4,True,Adam,terminal,2,0,"[1.0358226139287634, 1.0262974024425313]","[0.02540017962455754, 0.018848657608032227]","[[-0.005459563260252598, 0.05625992250936759], [-0.011266888390789834, 0.04896420360685429]]"
terminal/zero,spiral_classification,4,True,SGD0,terminal,2,2,"[0.9871089928719917, 0.9872345650047077]","[-0.008158618211746238, -0.008072590827941872]","[[-0.015737765547502246, -0.0005794708759901844], [-0.016583610504070326, 0.000438428848186536]]"
terminal/zero,spiral_classification,4,True,SGD9,terminal,2,2,"[0.9887959777570888, 0.987822471771277]","[-0.007088458538055398, -0.007724583148956299]","[[-0.014401875602040634, 0.00022495852592979357], [-0.016084240454040277, 0.0006350741561276796]]"
terminal/zero,synthetic_tabular_classification,2,False,SGD0,terminal,2,2,"[0.9477793217758487, 0.9459326002608162]","[-0.03630782961845391, -0.037669014930725164]","[[-0.04620781870659047, -0.026407840530317493], [-0.0469992003180183, -0.028338829543431893]]"
terminal/zero,synthetic_tabular_classification,2,True,SGD0,terminal,2,2,"[0.9358754217199439, 0.9319105204151057]","[-0.04324631094932563, -0.045911270380020075]","[[-0.057698227279946335, -0.028794394618704783], [-0.06052614000137052, -0.03129640075866977]]"
terminal/zero,synthetic_tabular_classification,4,False,Adam,terminal,2,2,"[0.9927880832523943, 0.9933016487831093]","[-0.005011940002441317, -0.004657566547393799]","[[-0.008613329854573781, -0.0014105501503090308], [-0.007487868684383031, -0.0018272644104045666]]"
terminal/zero,synthetic_tabular_classification,4,False,SGD0,terminal,2,2,"[0.9959040793703192, 0.9999196974220114]","[-0.002842986583709628, -5.585551261899635e-05]","[[-0.005481806339527731, -0.0002041668278917031], [-0.003402552021039021, 0.003290840995800984]]"
terminal/zero,synthetic_tabular_classification,4,False,SGD9,terminal,2,1,"[0.9960347019032125, 1.000643526191384]","[-0.0027525126934051514, 0.00044761300086970657]","[[-0.005317595666655158, -0.00018742972015514496], [-0.002808991320746161, 0.0037042173224856624]]"
terminal/zero,synthetic_tabular_classification,4,True,Adam,terminal,2,2,"[0.9718165418546704, 0.9709986862534129]","[-0.0192721307277679, -0.01986643671989441]","[[-0.02902993885370686, -0.009514322601829028], [-0.029784756389781127, -0.009948117050007694]]"
terminal/zero,synthetic_tabular_classification,4,True,SGD0,terminal,2,2,"[0.9239392897731072, 0.9215865516284639]","[-0.0517020285129548, -0.05348888039588928]","[[-0.07358849300396922, -0.0298155640219402], [-0.07591543212128914, -0.031062328670489425]]"
terminal/zero,synthetic_tabular_classification,4,True,SGD9,terminal,2,2,"[0.9280840031099998, 0.926369058112869]","[-0.04892596006393424, -0.05026878118515021]","[[-0.06945906532786991, -0.02839285479999874], [-0.07128694632716444, -0.029250616043135846]]"
terminal/zero,xor_classification,2,False,SGD0,terminal,2,2,"[0.9860381583939346, 0.9840793533734962]","[-0.009718716144561768, -0.011088758707046509]","[[-0.01710402461791593, -0.0023334076712076077], [-0.017736265269958727, -0.004441252144134291]]"
terminal/zero,xor_classification,2,True,SGD0,terminal,2,2,"[0.9751327888462071, 0.9722381540964805]","[-0.017121839523315363, -0.019118613004684537]","[[-0.02365664846250829, -0.010587030584122565], [-0.026282601857754363, -0.01195462415161453]]"
terminal/zero,xor_classification,4,False,Adam,terminal,2,2,"[0.9958930044175245, 0.9955832841428326]","[-0.0028592348098754883, -0.003074508905410833]","[[-0.005586025742438649, -0.00013244387731232727], [-0.0059625151648052075, -0.00018650264601632492]]"
terminal/zero,xor_classification,4,False,SGD0,terminal,2,2,"[0.9990744676851319, 0.9978080171678373]","[-0.0006432533264160156, -0.0015231311321258767]","[[-0.0025367744035018794, 0.0012502677506698481], [-0.003184937356676204, 0.00013867509242449492]]"
terminal/zero,xor_classification,4,False,SGD9,terminal,2,2,"[0.9992647020673817, 0.9977862652653211]","[-0.0005110561847686546, -0.0015383183956146906]","[[-0.002482817299460943, 0.0014607049299235897], [-0.0032435636944694707, 0.0001669269032402226]]"
terminal/zero,xor_classification,4,True,Adam,terminal,2,2,"[0.9907615429758676, 0.9894046587292961]","[-0.006416583061218284, -0.007354390621185258]","[[-0.013574592857486186, 0.0007414267350496643], [-0.016180800715783046, 0.00147201947341244]]"
terminal/zero,xor_classification,4,True,SGD0,terminal,2,2,"[0.9792748760019195, 0.9762068587191826]","[-0.014392697811126731, -0.016510540246963523]","[[-0.0223022361739363, -0.006483159448317118], [-0.02642285423276734, -0.0065982262611596655]]"
terminal/zero,xor_classification,4,True,SGD9,terminal,2,2,"[0.9802348566016182, 0.9770976816599806]","[-0.013728022575378418, -0.015894961357116655]","[[-0.021471213096995817, -0.005984832053761021], [-0.025651721595063494, -0.006138201119169906]]"
