dataset,source,candidate,T,batch,lr,mean,sd
mvar_cd67aa,fresh:poly,x_03d0a99ff5,256,16,3e-05,0.0014692281605675817,0.0004131036243123678
mvar_cd67aa,fresh:poly,x_03d0a99ff5,512,16,3e-05,0.0004007461277069524,9.484321968369241e-05
mvar_cd67aa,fresh:poly,x_03d0a99ff5,1024,16,3e-05,0.00015862678992561996,4.9500674410933095e-05
mvar_cd67aa,fresh:poly,x_03d0a99ff5,2048,16,3e-05,7.268183144333306e-05,2.076436875753204e-05
mvar_cd67aa,fresh:poly,x_03c01c9c37,256,16,0.0001,0.0003600205614930019,0.00015495603639787285
mvar_cd67aa,fresh:poly,x_03c01c9c37,512,16,0.0001,0.0001858424649981316,9.629160181571013e-05
mvar_cd67aa,fresh:poly,x_03c01c9c37,1024,16,0.0001,0.00021046114416094496,0.00012151180988530184
mvar_cd67aa,fresh:poly,x_03c01c9c37,2048,16,0.0001,0.00021025864225521218,0.0002352840408494222
mvar_cd67aa,fresh:poly,x_7aca15b0ab,256,16,0.0003,0.0016716426296625286,0.0035945078776194843
mvar_cd67aa,fresh:poly,x_7aca15b0ab,512,16,0.0003,0.0005522559134988114,0.0006554450161114411
mvar_cd67aa,fresh:poly,x_7aca15b0ab,1024,16,0.0003,0.0007189263764303177,0.0007654093291911869
mvar_cd67aa,fresh:poly,x_7aca15b0ab,2048,16,0.0003,0.0016295711218845099,0.004174288333801469
mvar_cd67aa,fresh:poly,x_1db08fa43c,256,16,0.001,0.002076102112187073,0.003519261203855997
mvar_cd67aa,fresh:poly,x_1db08fa43c,512,16,0.001,0.0010135863223695197,0.0008668863986013866
mvar_cd67aa,fresh:poly,x_1db08fa43c,1024,16,0.001,0.0011917055599042214,0.0016958340317713171
mvar_cd67aa,fresh:poly,x_1db08fa43c,2048,16,0.001,0.0008560006397601682,0.000954574593694793
mvar_183f73,fresh:nested,x_02f7c66d90,256,16,3e-05,0.3633453160524368,0.012918147893408833
mvar_183f73,fresh:nested,x_02f7c66d90,512,16,3e-05,0.3257204324007034,0.006910330958046256
mvar_183f73,fresh:nested,x_02f7c66d90,1024,16,3e-05,0.2954364240169525,0.00780071611519846
mvar_183f73,fresh:nested,x_02f7c66d90,2048,16,3e-05,0.2594167858362198,0.006497954871971227
mvar_183f73,fresh:nested,x_c5dae0d9f6,256,16,0.0001,0.3335461139678955,0.009752118480216143
mvar_183f73,fresh:nested,x_c5dae0d9f6,512,16,0.0001,0.2885513663291931,0.009729757642604312
mvar_183f73,fresh:nested,x_c5dae0d9f6,1024,16,0.0001,0.259369432926178,0.03081499782420291
mvar_183f73,fresh:nested,x_c5dae0d9f6,2048,16,0.0001,0.18345798850059508,0.020360686750173787
mvar_183f73,fresh:nested,x_e5702517cc,256,16,0.0003,0.31911752820014955,0.0248909059218612
mvar_183f73,fresh:nested,x_e5702517cc,512,16,0.0003,0.2928043693304062,0.013602861974887944
mvar_183f73,fresh:nested,x_e5702517cc,1024,16,0.0003,0.24054341167211532,0.038469492853082224
mvar_183f73,fresh:nested,x_e5702517cc,2048,16,0.0003,0.044418361969292164,0.01454820034973353
mvar_183f73,fresh:nested,x_3c437033f6,256,16,0.001,0.33201114237308504,0.03981486136645266
mvar_183f73,fresh:nested,x_3c437033f6,512,16,0.001,0.2967143654823303,0.018116399915134522
mvar_183f73,fresh:nested,x_3c437033f6,1024,16,0.001,0.20602719038724898,0.0718165589037281
mvar_183f73,fresh:nested,x_3c437033f6,2048,16,0.001,0.036770752258598806,0.02049956061728515
mvar_6fea20,fresh:heldout,x_98f87d6bb0,256,16,3e-05,0.5140088617801666,0.013642893963911466
mvar_6fea20,fresh:heldout,x_98f87d6bb0,512,16,3e-05,0.45467355847358704,0.009286651609270787
mvar_6fea20,fresh:heldout,x_98f87d6bb0,1024,16,3e-05,0.3798490703105927,0.017982630609115015
mvar_6fea20,fresh:heldout,x_98f87d6bb0,2048,16,3e-05,0.27975033819675443,0.016212176860150758
mvar_6fea20,fresh:heldout,x_bda4573fe0,256,16,0.0001,0.5242265552282334,0.06293611177519604
mvar_6fea20,fresh:heldout,x_bda4573fe0,512,16,0.0001,0.40862186551094054,0.01792864125689406
mvar_6fea20,fresh:heldout,x_bda4573fe0,1024,16,0.0001,0.28496761322021485,0.017947182506693152
mvar_6fea20,fresh:heldout,x_bda4573fe0,2048,16,0.0001,0.21325891613960266,0.022415705903448657
mvar_6fea20,fresh:heldout,x_fc4df76227,256,16,0.0003,0.5567207008600235,0.07832708685122917
mvar_6fea20,fresh:heldout,x_fc4df76227,512,16,0.0003,0.39299442768096926,0.023553876513305698
mvar_6fea20,fresh:heldout,x_fc4df76227,1024,16,0.0003,0.2735619306564331,0.0158020870419383
mvar_6fea20,fresh:heldout,x_fc4df76227,2048,16,0.0003,0.1502167910337448,0.04601944032835567
mvar_6fea20,fresh:heldout,x_2c0da5a045,256,16,0.001,0.6097336888313294,0.07687358835573842
mvar_6fea20,fresh:heldout,x_2c0da5a045,512,16,0.001,0.4931939750909805,0.05317390716201228
mvar_6fea20,fresh:heldout,x_2c0da5a045,1024,16,0.001,0.35459216237068175,0.030381658898159736
mvar_6fea20,fresh:heldout,x_2c0da5a045,2048,16,0.001,0.13805973380804062,0.018387611851427222
mvar_c7715a,fresh:offset,x_27ab665495,256,16,3e-05,0.06159804314374924,0.010161932766117132
mvar_c7715a,fresh:offset,x_27ab665495,512,16,3e-05,0.006101928977295756,0.0019547512916141562
mvar_c7715a,fresh:offset,x_27ab665495,1024,16,3e-05,0.0006787362683098764,0.0001596773052050446
mvar_c7715a,fresh:offset,x_27ab665495,2048,16,3e-05,0.00011772478101192973,4.1969136459281765e-05
mvar_c7715a,fresh:offset,x_02edde00f5,256,16,0.0001,0.0024097359273582697,0.0009127705587760504
mvar_c7715a,fresh:offset,x_02edde00f5,512,16,0.0001,0.00037413109675981103,0.00011534518900057138
mvar_c7715a,fresh:offset,x_02edde00f5,1024,16,0.0001,8.090642550087068e-05,2.325060524700716e-05
mvar_c7715a,fresh:offset,x_02edde00f5,2048,16,0.0001,4.054124437971041e-05,1.10280166629145e-05
mvar_c7715a,fresh:offset,x_b0fda441b3,256,16,0.0003,0.0006015617836965248,0.0002227860705840215
mvar_c7715a,fresh:offset,x_b0fda441b3,512,16,0.0003,0.00018695190519792959,0.00012266596870047508
mvar_c7715a,fresh:offset,x_b0fda441b3,1024,16,0.0003,6.305099486780819e-05,3.062200181246375e-05
mvar_c7715a,fresh:offset,x_b0fda441b3,2048,16,0.0003,0.0003945547110561165,0.0008435829024469866
mvar_c7715a,fresh:offset,x_4c9b247860,256,16,0.001,0.00043221598607487974,0.0002761408172493758
mvar_c7715a,fresh:offset,x_4c9b247860,512,16,0.001,0.00023805118835298344,0.00015089298507691153
mvar_c7715a,fresh:offset,x_4c9b247860,1024,16,0.001,0.0007321035212953575,0.000743603016918618
mvar_c7715a,fresh:offset,x_4c9b247860,2048,16,0.001,0.0026704790398071054,0.005239066478112354
mvar_a59d63,fresh:nested_offset,x_05afec4bd0,256,16,3e-05,0.31506516337394713,0.032110227428018806
mvar_a59d63,fresh:nested_offset,x_05afec4bd0,512,16,3e-05,0.16165510565042496,0.02148958414009155
mvar_a59d63,fresh:nested_offset,x_05afec4bd0,1024,16,3e-05,0.11132551580667496,0.0035343532911890703
mvar_a59d63,fresh:nested_offset,x_05afec4bd0,2048,16,3e-05,0.10382850170135498,0.003757503097262243
mvar_a59d63,fresh:nested_offset,x_91761ac5be,256,16,0.0001,0.15216850638389587,0.027874783769539134
mvar_a59d63,fresh:nested_offset,x_91761ac5be,512,16,0.0001,0.11845947802066803,0.011499314668398425
mvar_a59d63,fresh:nested_offset,x_91761ac5be,1024,16,0.0001,0.10920352339744568,0.006241703723852751
mvar_a59d63,fresh:nested_offset,x_91761ac5be,2048,16,0.0001,0.10160347297787667,0.0050106236021132235
mvar_a59d63,fresh:nested_offset,x_1f6d61348f,256,16,0.0003,0.13124289363622665,0.02528565523988979
mvar_a59d63,fresh:nested_offset,x_1f6d61348f,512,16,0.0003,0.12088001295924186,0.01698002943337982
mvar_a59d63,fresh:nested_offset,x_1f6d61348f,1024,16,0.0003,0.12126638740301132,0.02552177259086916
mvar_a59d63,fresh:nested_offset,x_1f6d61348f,2048,16,0.0003,0.09887897968292236,0.004344439330486979
mvar_a59d63,fresh:nested_offset,x_c36f1919f3,256,16,0.001,0.13698178082704543,0.0317720149936672
mvar_a59d63,fresh:nested_offset,x_c36f1919f3,512,16,0.001,0.15203540474176408,0.03735685268184752
mvar_a59d63,fresh:nested_offset,x_c36f1919f3,1024,16,0.001,0.12735239639878274,0.027675887304520575
mvar_a59d63,fresh:nested_offset,x_c36f1919f3,2048,16,0.001,0.10735047161579132,0.017518428499713343
mvar_5a829e,REUSED,x_03680c4adf,256,16,0.001,0.0009144256415311247,0.0002474404965219679
mvar_5a829e,REUSED,x_0f939b4ede,256,16,0.0003,0.0007891320332419127,0.0001597991608413582
mvar_5a829e,REUSED,x_0f939b4ede,512,16,0.0003,0.000515554822050035,9.466714730918971e-05
mvar_5a829e,REUSED,x_0f939b4ede,1024,16,0.0003,0.0016621402464807034,0.0028054313132716575
mvar_5a829e,REUSED,x_1f1613eae6,256,16,0.001,0.0009144256415311247,0.0002474404965219679
mvar_5a829e,REUSED,x_1f1613eae6,512,16,0.001,0.002334104588953778,0.0019558508899471666
mvar_5a829e,REUSED,x_1f1613eae6,1024,16,0.001,0.002226679353043437,0.0037611451876029866
mvar_5a829e,REUSED,x_1f1613eae6,2048,16,0.001,0.0014357934764120729,0.0006892763783589082
mvar_5a829e,REUSED,x_29b47e2489,256,16,0.001,0.0009144256415311247,0.0002474404965219679
mvar_5a829e,REUSED,x_29b47e2489,512,16,0.001,0.002334104588953778,0.0019558508899471666
mvar_5a829e,REUSED,x_29b47e2489,1024,16,0.001,0.002226679353043437,0.0037611451876029866
mvar_5a829e,REUSED,x_35a90e7b90,256,16,0.0001,0.0013655096292495728,0.00020348305187646405
mvar_5a829e,REUSED,x_35a90e7b90,512,16,0.0001,0.0007764893234707415,0.0001513867790688018
mvar_5a829e,REUSED,x_35a90e7b90,1024,16,0.0001,0.0005163138150237501,8.026297488362714e-05
mvar_5a829e,REUSED,x_35a90e7b90,2048,16,0.0001,0.0006219560775207356,0.0003416251318685588
mvar_5a829e,REUSED,x_6fce2fdba1,256,16,0.003,0.0010326222924049943,0.0002709126523075222
mvar_5a829e,REUSED,x_6fce2fdba1,512,16,0.003,0.0025092279189266264,0.0018325956002786877
mvar_5a829e,REUSED,x_6fce2fdba1,1024,16,0.003,0.0020369102130644023,0.0011144325486059355
mvar_5a829e,REUSED,x_6fce2fdba1,2048,16,0.003,0.001872121635824442,0.0006492408097637763
mvar_5a829e,REUSED,x_8b479534be,256,16,3e-05,0.005213052639737726,0.0009147622881664877
mvar_5a829e,REUSED,x_8b479534be,512,16,3e-05,0.0020002747187390924,0.0003208622390379553
mvar_5a829e,REUSED,x_8b479534be,1024,16,3e-05,0.0010009040299337358,0.0001460678511659408
mvar_5a829e,REUSED,x_8b479534be,2048,16,3e-05,0.0006086566136218607,7.366016368935261e-05
mvar_5a829e,REUSED,x_9f60b2eb34,256,16,0.0003,0.0007891320332419127,0.0001597991608413582
mvar_5a829e,REUSED,x_9fff27cf6e,256,16,3e-05,0.005213052639737726,0.0009147622881664877
mvar_5a829e,REUSED,x_ad99cdc372,256,16,0.003,0.0010326222924049943,0.0002709126523075222
mvar_5a829e,REUSED,x_ad99cdc372,512,16,0.003,0.0025092279189266264,0.0018325956002786877
mvar_5a829e,REUSED,x_ad99cdc372,1024,16,0.003,0.0020369102130644023,0.0011144325486059355
mvar_5a829e,REUSED,x_c60e2bcdc1,256,16,0.0003,0.0007891320332419127,0.0001597991608413582
mvar_5a829e,REUSED,x_c60e2bcdc1,512,16,0.0003,0.000515554822050035,9.466714730918971e-05
mvar_5a829e,REUSED,x_c60e2bcdc1,1024,16,0.0003,0.0016621402464807034,0.0028054313132716575
mvar_5a829e,REUSED,x_c60e2bcdc1,2048,16,0.0003,0.000798964174464345,0.00019905261350730693
mvar_5a829e,REUSED,x_e47e8a8894,256,16,0.003,0.0010326222924049943,0.0002709126523075222
mvar_5a829e,REUSED,x_fa3bfef16f,256,16,0.0001,0.0013655096292495728,0.00020348305187646405
mvar_5a829e,REUSED,x_fd56b5bed1,256,16,0.0001,0.0013655096292495728,0.00020348305187646405
mvar_5a829e,REUSED,x_fd56b5bed1,512,16,0.0001,0.0007764893234707415,0.0001513867790688018
mvar_5a829e,REUSED,x_fd56b5bed1,1024,16,0.0001,0.0005163138150237501,8.026297488362714e-05
mvar_93e6af,REUSED,x_7e4d05ac4c,256,16,3e-05,0.0017301515676081181,0.000625113854848438
mvar_93e6af,REUSED,x_7e4d05ac4c,512,16,3e-05,0.0003429112446610816,0.0001274835903249274
mvar_93e6af,REUSED,x_7e4d05ac4c,1024,16,3e-05,7.607516090502031e-05,2.1844148752311073e-05
mvar_93e6af,REUSED,x_7e4d05ac4c,2048,16,3e-05,3.16561203362653e-05,2.0563069850580658e-05
mvar_93e6af,REUSED,x_9e5344cc28,256,16,0.001,0.0006150808483653236,0.0006517267068492475
mvar_93e6af,REUSED,x_9e5344cc28,512,16,0.001,0.0006157430387247586,0.000543721637160475
mvar_93e6af,REUSED,x_9e5344cc28,1024,16,0.001,0.0014056989140954102,0.0019170906862210446
mvar_93e6af,REUSED,x_9e5344cc28,2048,16,0.001,0.003978471451137011,0.008853544588109302
mvar_0eb811,REUSED,x_661e7c049a,256,16,0.001,0.898544716835022,0.05693119018790978
mvar_0eb811,REUSED,x_661e7c049a,512,16,0.001,0.8157600700855255,0.04330863545948252
mvar_0eb811,REUSED,x_661e7c049a,1024,16,0.001,0.4779737234115601,0.0721684094822161
mvar_0eb811,REUSED,x_661e7c049a,2048,16,0.001,0.18657234013080598,0.07263629173306574
mvar_0eb811,REUSED,x_ac07ee3bea,256,16,3e-05,0.8434875309467316,0.04087778908937692
mvar_0eb811,REUSED,x_ac07ee3bea,512,16,3e-05,0.7556426465511322,0.026891115052594377
mvar_0eb811,REUSED,x_ac07ee3bea,1024,16,3e-05,0.5654258847236633,0.03639844691186416
mvar_0eb811,REUSED,x_ac07ee3bea,2048,16,3e-05,0.4104915112257004,0.027387366166792257
mvar_133302,REUSED,x_687ce6704a,256,16,3e-05,0.49760841727256777,0.012225280817383485
mvar_133302,REUSED,x_687ce6704a,512,16,3e-05,0.4572980344295502,0.012551558199653775
mvar_133302,REUSED,x_687ce6704a,1024,16,3e-05,0.38785176575183866,0.030883059824371895
mvar_133302,REUSED,x_687ce6704a,2048,16,3e-05,0.2983633816242218,0.01658026462080207
mvar_133302,REUSED,x_786139e731,256,16,0.001,0.5289001703262329,0.026377695852246703
mvar_133302,REUSED,x_786139e731,512,16,0.001,0.462290546298027,0.0582053699451041
mvar_133302,REUSED,x_786139e731,1024,16,0.001,0.29873469173908235,0.04533698151880231
mvar_133302,REUSED,x_786139e731,2048,16,0.001,0.06490504406392575,0.0373846848379481
