dataset,T,delta,pair,margin,ci95,conservative_ci,n,seeds,failures,initial_margin,tf_extra_progress,progress_ci95,retention_fraction
bg_04502b,512,0.2,G1/TF1,0.0964475393295288,"[0.0708982225373396, 0.12199685612171801]","[0.060078986396322955, 0.13281609226273466]",10,"[0, 1, 2, 3, 4, 5, 6, 7, 8, 9]",0,0.126769757270813,0.03032221794128418,"[0.027807970925777595, 0.03283646495679077]",0.7608087402383513
bg_04502b,512,0.2,G1/TF4,0.08151922225952149,"[0.05744293832877781, 0.10559550619026517]","[0.047138971864690155, 0.11589947265435283]",10,"[0, 1, 2, 3, 4, 5, 6, 7, 8, 9]",0,0.13935420513153077,0.05783498287200928,"[0.04713971831764295, 0.0685302474263756]",0.5849785600842028
bg_04502b,512,0.2,G2/TF1,0.1035269021987915,"[0.07811583947694999, 0.12893796492063303]","[0.07049127045248038, 0.13656253394510262]",10,"[0, 1, 2, 3, 4, 5, 6, 7, 8, 9]",0,0.13869824409484863,0.035171341896057126,"[0.03262862846618248, 0.03771405532593177]",0.7464182612722534
bg_04502b,512,0.2,G2/TF4,0.08859858512878419,"[0.06460434577482481, 0.11259282448274356]","[0.05755125592084759, 0.11964591433672078]",10,"[0, 1, 2, 3, 4, 5, 6, 7, 8, 9]",0,0.1512826919555664,0.06268410682678223,"[0.0519274563170864, 0.07344075733647805]",0.5856491842094315
bg_04502b,512,0.6,G1/TF1,0.046129250526428224,"[0.023029152633148444, 0.069229348419708]","[0.013013461741153975, 0.07924503931170247]",10,"[0, 1, 2, 3, 4, 5, 6, 7, 8, 9]",0,0.126769757270813,0.08064050674438476,"[0.074670847596899, 0.08661016589187052]",0.3638821397116365
bg_04502b,512,0.6,G1/TF4,0.019710326194763185,"[-0.0009384716063866975, 0.04035912399591307]","[-0.01037627576517968, 0.04979692815470605]",10,"[0, 1, 2, 3, 4, 5, 6, 7, 8, 9]",0,0.13935420513153077,0.11964387893676758,"[0.1039079254191653, 0.13537983245436985]",0.14144048381001068
bg_04502b,512,0.6,G2/TF1,0.04384069442749024,"[0.021129671300711174, 0.06655171755426931]","[0.014295254825472222, 0.07338613402950825]",10,"[0, 1, 2, 3, 4, 5, 6, 7, 8, 9]",0,0.13869824409484863,0.0948575496673584,"[0.08880560282636207, 0.10090949650835473]",0.31608687416049647
bg_04502b,512,0.6,G2/TF4,0.017421770095825195,"[-0.0025224219454661953, 0.037365962137116585]","[-0.00909448268086143, 0.04393802287251182]",10,"[0, 1, 2, 3, 4, 5, 6, 7, 8, 9]",0,0.1512826919555664,0.13386092185974122,"[0.11786936304155518, 0.14985248067792725]",0.11516036547619198
bg_04502b,512,0.8,G1/TF1,0.02514321804046631,"[0.0029729562037765778, 0.04731347987715604]","[-0.006748661544554623, 0.05703509762548724]",10,"[0, 1, 2, 3, 4, 5, 6, 7, 8, 9]",0,0.126769757270813,0.10162653923034667,"[0.09442008314745728, 0.10883299531323606]",0.19833766808241093
bg_04502b,512,0.8,G1/TF4,0.0017921209335327148,"[-0.017216081154905624, 0.020800323021971052]","[-0.026356673663195506, 0.029940915530260934]",10,"[0, 1, 2, 3, 4, 5, 6, 7, 8, 9]",0,0.13935420513153077,0.13756208419799804,"[0.12110053676949076, 0.15402363162650531]",0.012860185538292187
bg_04502b,512,0.8,G2/TF1,0.018325448036193848,"[-0.0033619887104823186, 0.04001288478287002]","[-0.009892278689903358, 0.046543174762291056]",10,"[0, 1, 2, 3, 4, 5, 6, 7, 8, 9]",0,0.13869824409484863,0.12037279605865478,"[0.11306002671449077, 0.12768556540281878]",0.1321245856844591
bg_04502b,512,0.8,G2/TF4,-0.005025649070739746,"[-0.023143731259911246, 0.013092433118431753]","[-0.02950029080854425, 0.019448992667064756]",10,"[0, 1, 2, 3, 4, 5, 6, 7, 8, 9]",0,0.1512826919555664,0.15630834102630614,"[0.13947733602274745, 0.17313934602986483]",-0.033220251476063375
bg_04502b,2048,0.2,G1/TF1,0.09651079177856445,"[0.07096546708537921, 0.12205611647174969]","[0.06014194395231222, 0.1328796396048167]",10,"[0, 1, 2, 3, 4, 5, 6, 7, 8, 9]",0,0.126769757270813,0.030258965492248536,"[0.02777012027498469, 0.03274781070951238]",0.761307695591721
bg_04502b,2048,0.2,G1/TF4,0.08154995441436767,"[0.05740019218312797, 0.10569971664560737]","[0.0470855365849931, 0.11601437224374225]",10,"[0, 1, 2, 3, 4, 5, 6, 7, 8, 9]",0,0.13935420513153077,0.05780425071716309,"[0.04723748201568438, 0.06837101941864179]",0.5851990927535771
bg_04502b,2048,0.2,G2/TF1,0.10358500480651855,"[0.07817164468685794, 0.12899836492617917]","[0.07054768748047409, 0.13662232213256303]",10,"[0, 1, 2, 3, 4, 5, 6, 7, 8, 9]",0,0.13869824409484863,0.03511323928833008,"[0.032602998447224175, 0.037623480129435984]",0.7468371750667735
bg_04502b,2048,0.2,G2/TF4,0.08862416744232178,"[0.06456776043840229, 0.11268057444624127]","[0.05749128011315496, 0.1197570547714886]",10,"[0, 1, 2, 3, 4, 5, 6, 7, 8, 9]",0,0.1512826919555664,0.06265852451324463,"[0.05205984331806465, 0.07325720570842462]",0.585818286921757
bg_04502b,2048,0.6,G1/TF1,0.04628994464874268,"[0.023216894454717606, 0.06936299484276776]","[0.013189242757767207, 0.07939064653971814]",10,"[0, 1, 2, 3, 4, 5, 6, 7, 8, 9]",0,0.126769757270813,0.08047981262207031,"[0.07455858693583473, 0.0864010383083059]",0.36514974584873094
bg_04502b,2048,0.6,G1/TF4,0.019685006141662596,"[-0.0010117160252275242, 0.04038172830855272]","[-0.010458948999648995, 0.04982896128297419]",10,"[0, 1, 2, 3, 4, 5, 6, 7, 8, 9]",0,0.13935420513153077,0.11966919898986816,"[0.10402942813632723, 0.1353089698434091]",0.14125878815843929
bg_04502b,2048,0.6,G2/TF1,0.0439833402633667,"[0.021276910956479083, 0.06668976957025431]","[0.014446649725842378, 0.07352003080089102]",10,"[0, 1, 2, 3, 4, 5, 6, 7, 8, 9]",0,0.13869824409484863,0.09471490383148193,"[0.08873801016631737, 0.10069179749664649]",0.31711533588910285
bg_04502b,2048,0.6,G2/TF4,0.017378401756286622,"[-0.0026025304058365263, 0.03735933391840977]","[-0.009201542031573827, 0.04395834554414707]",10,"[0, 1, 2, 3, 4, 5, 6, 7, 8, 9]",0,0.1512826919555664,0.1339042901992798,"[0.1180836799103377, 0.1497249004882219]",0.11487369461531577
bg_04502b,2048,0.8,G1/TF1,0.025338912010192872,"[0.003208832223667933, 0.04746899179671781]","[-0.006528887663333843, 0.05720671168371959]",10,"[0, 1, 2, 3, 4, 5, 6, 7, 8, 9]",0,0.126769757270813,0.10143084526062011,"[0.09427451287151317, 0.10858717764972706]",0.1998813641021841
bg_04502b,2048,0.8,G1/TF4,0.0017632484436035157,"[-0.01725763002914577, 0.020784126916352803]","[-0.02641289733995823, 0.029939394227165263]",10,"[0, 1, 2, 3, 4, 5, 6, 7, 8, 9]",0,0.13935420513153077,0.13759095668792726,"[0.12119121308867949, 0.15399070028717501]",0.01265299774728188
bg_04502b,2048,0.8,G2/TF1,0.018497014045715333,"[-0.0031820667251623858, 0.04017609481659305]","[-0.009706078574665874, 0.046700106666096544]",10,"[0, 1, 2, 3, 4, 5, 6, 7, 8, 9]",0,0.13869824409484863,0.1202012300491333,"[0.11297758698861386, 0.12742487310965275]",0.1333615588750076
bg_04502b,2048,0.8,G2/TF4,-0.005078649520874024,"[-0.02321463126104069, 0.013057332219292643]","[-0.029590088251290267, 0.019432789209542216]",10,"[0, 1, 2, 3, 4, 5, 6, 7, 8, 9]",0,0.1512826919555664,0.15636134147644043,"[0.13968480544540224, 0.17303787750747862]",-0.033570591950900015
bg_0bf6d7,512,0.2,G1/TF1,0.12446608543395996,"[0.10582220431213626, 0.14310996655578365]","[0.10033565843184956, 0.14859651243607033]",10,"[0, 1, 2, 3, 4, 5, 6, 7, 8, 9]",0,0.14598479270935058,0.021518707275390625,"[0.02001578345301488, 0.02302163109776637]",0.8525962404986015
bg_0bf6d7,512,0.2,G1/TF4,0.1099586009979248,"[0.08773097240704338, 0.13218622958880624]","[0.08100444372188334, 0.13891275827396626]",10,"[0, 1, 2, 3, 4, 5, 6, 7, 8, 9]",0,0.16035747528076172,0.05039887428283692,"[0.041223119145972854, 0.05957462941970098]",0.6857092306136892
bg_0bf6d7,512,0.2,G2/TF1,0.12604739665985107,"[0.11178407494293285, 0.14031071837676928]","[0.10569673247060679, 0.14639806084909535]",10,"[0, 1, 2, 3, 4, 5, 6, 7, 8, 9]",0,0.15021848678588867,0.024171090126037596,"[0.02268004480118161, 0.025662135450893582]",0.8390937717240525
bg_0bf6d7,512,0.2,G2/TF4,0.11153991222381592,"[0.09326777581256752, 0.12981204863506432]","[0.08636551776064055, 0.13671430668699128]",10,"[0, 1, 2, 3, 4, 5, 6, 7, 8, 9]",0,0.1645911693572998,0.05305125713348389,"[0.04384798419260574, 0.06225453007436203]",0.6776785939328341
bg_0bf6d7,512,0.6,G1/TF1,0.08721258640289306,"[0.0708542411961545, 0.10357093160963163]","[0.06597549277724317, 0.10844968002854295]",10,"[0, 1, 2, 3, 4, 5, 6, 7, 8, 9]",0,0.14598479270935058,0.05877220630645752,"[0.05473501116439057, 0.06280940144852447]",0.597408708018852
bg_0bf6d7,512,0.6,G1/TF4,0.05500757694244385,"[0.037588770590012144, 0.07242638329487555]","[0.032394550442178704, 0.07762060344270899]",10,"[0, 1, 2, 3, 4, 5, 6, 7, 8, 9]",0,0.16035747528076172,0.10534989833831787,"[0.08945081008972293, 0.12124898658691281]",0.3430309491100049
bg_0bf6d7,512,0.6,G2/TF1,0.08363864421844483,"[0.07170783512208341, 0.09556945331480625]","[0.06586713263832254, 0.10141015579856712]",10,"[0, 1, 2, 3, 4, 5, 6, 7, 8, 9]",0,0.15021848678588867,0.06657984256744384,"[0.06259292229948009, 0.0705667628354076]",0.5567799676857198
bg_0bf6d7,512,0.6,G2/TF4,0.0514336347579956,"[0.0384885349107467, 0.06437873460524451]","[0.032286190303258064, 0.07058107921273314]",10,"[0, 1, 2, 3, 4, 5, 6, 7, 8, 9]",0,0.1645911693572998,0.1131575345993042,"[0.09719885035783156, 0.12911621884077684]",0.3124932823482274
bg_0bf6d7,512,0.8,G1/TF1,0.07104032039642334,"[0.05568915782423875, 0.08639148296860794]","[0.05105552350318622, 0.09102511728966046]",10,"[0, 1, 2, 3, 4, 5, 6, 7, 8, 9]",0,0.14598479270935058,0.07494447231292725,"[0.06980822123223603, 0.08008072339361848]",0.48662822392645755
bg_0bf6d7,512,0.8,G1/TF4,0.038432955741882324,"[0.022562094104134428, 0.05430381737963022]","[0.017757467013528525, 0.059108444470236124]",10,"[0, 1, 2, 3, 4, 5, 6, 7, 8, 9]",0,0.16035747528076172,0.1219245195388794,"[0.10449498833307538, 0.1393540507446834]",0.23967049664876566
bg_0bf6d7,512,0.8,G2/TF1,0.06496076583862305,"[0.05404071380753424, 0.07588081786971186]","[0.048290484549605925, 0.08163104712764017]",10,"[0, 1, 2, 3, 4, 5, 6, 7, 8, 9]",0,0.15021848678588867,0.08525772094726562,"[0.08019772884729556, 0.09031771304723568]",0.43244188667147043
bg_0bf6d7,512,0.8,G2/TF4,0.03235340118408203,"[0.020991410756472904, 0.04371539161169116]","[0.014992428059948229, 0.049714374308215833]",10,"[0, 1, 2, 3, 4, 5, 6, 7, 8, 9]",0,0.1645911693572998,0.13223776817321778,"[0.11474820636696352, 0.14972732997947205]",0.19656826857975732
bg_0bf6d7,2048,0.2,G1/TF1,0.12442624568939209,"[0.10578050928350882, 0.14307198209527536]","[0.10028569452404637, 0.1485667968547378]",10,"[0, 1, 2, 3, 4, 5, 6, 7, 8, 9]",0,0.14598479270935058,0.021558547019958497,"[0.020052893931305427, 0.023064200108611568]",0.8523233371103206
bg_0bf6d7,2048,0.2,G1/TF4,0.10987379550933837,"[0.08763489798554758, 0.13211269303312917]","[0.08089476101872031, 0.13885282999995643]",10,"[0, 1, 2, 3, 4, 5, 6, 7, 8, 9]",0,0.16035747528076172,0.05048367977142334,"[0.041302122793265936, 0.05966523674958074]",0.6851803778836375
bg_0bf6d7,2048,0.2,G2/TF1,0.12601771354675292,"[0.11174464728949358, 0.14029077980401225]","[0.10566929641857353, 0.14636613067493232]",10,"[0, 1, 2, 3, 4, 5, 6, 7, 8, 9]",0,0.15021848678588867,0.02420077323913574,"[0.022716267224360466, 0.025685279253911016]",0.8388961721227435
bg_0bf6d7,2048,0.2,G2/TF4,0.11146526336669922,"[0.09317279866471632, 0.12975772806868213]","[0.08627836291324752, 0.13665216382015094]",10,"[0, 1, 2, 3, 4, 5, 6, 7, 8, 9]",0,0.1645911693572998,0.05312590599060059,"[0.04393202486183871, 0.062319787119362466]",0.6772250528503557
bg_0bf6d7,2048,0.6,G1/TF1,0.08711984157562255,"[0.07075169922887638, 0.10348798392236873]","[0.06584993066563458, 0.10838975248561053]",10,"[0, 1, 2, 3, 4, 5, 6, 7, 8, 9]",0,0.14598479270935058,0.05886495113372803,"[0.05482277541805177, 0.06290712684940428]",0.5967734033028659
bg_0bf6d7,2048,0.6,G1/TF4,0.05486972332000732,"[0.03741382733009305, 0.0723256193099216]","[0.03218079470778247, 0.07755865193223217]",10,"[0, 1, 2, 3, 4, 5, 6, 7, 8, 9]",0,0.16035747528076172,0.1054877519607544,"[0.08962918599848009, 0.1213463179230287]",0.342171284649741
bg_0bf6d7,2048,0.6,G2/TF1,0.08357150554656982,"[0.07160869633107057, 0.09553431476206907]","[0.06580167934843761, 0.10134133174470203]",10,"[0, 1, 2, 3, 4, 5, 6, 7, 8, 9]",0,0.15021848678588867,0.06664698123931885,"[0.06268176284665823, 0.07061219963197947]",0.5563330275433211
bg_0bf6d7,2048,0.6,G2/TF4,0.05132138729095459,"[0.038307348642231884, 0.0643354259396773]","[0.03213254339058551, 0.07051023119132367]",10,"[0, 1, 2, 3, 4, 5, 6, 7, 8, 9]",0,0.1645911693572998,0.11326978206634522,"[0.09739543706122053, 0.1291441270714699]",0.3118113048917252
bg_0bf6d7,2048,0.8,G1/TF1,0.07093114852905273,"[0.055564916289369264, 0.08629738076873619]","[0.05090208077861967, 0.09096021627948579]",10,"[0, 1, 2, 3, 4, 5, 6, 7, 8, 9]",0,0.14598479270935058,0.07505364418029785,"[0.06991198898196288, 0.08019529937863282]",0.4858803935165602
bg_0bf6d7,2048,0.8,G1/TF4,0.03830533027648926,"[0.022398346422410103, 0.054212314130568415]","[0.017550441748253015, 0.059060218804725506]",10,"[0, 1, 2, 3, 4, 5, 6, 7, 8, 9]",0,0.16035747528076172,0.12205214500427246,"[0.1046831696359221, 0.1394211203726228]",0.23887461566367527
bg_0bf6d7,2048,0.8,G2/TF1,0.06488494873046875,"[0.053921373096982035, 0.07584852436395548]","[0.04821461306673678, 0.08155528439420073]",10,"[0, 1, 2, 3, 4, 5, 6, 7, 8, 9]",0,0.15021848678588867,0.08533353805541992,"[0.08030273256620651, 0.09036434354463332]",0.43193717443680146
bg_0bf6d7,2048,0.8,G2/TF4,0.032259130477905275,"[0.020821509706927636, 0.04369675124888291]","[0.014862974036370113, 0.04965528691944043]",10,"[0, 1, 2, 3, 4, 5, 6, 7, 8, 9]",0,0.1645911693572998,0.13233203887939454,"[0.11496048800822818, 0.14970358975056092]",0.1959955118119133
