set_id,dataset,optimizer,lr,weight_decay,T,batch,samples,mean,std,seed_count_protocol,finite_seed_count,failed_seed_count,error,finite_aggregate
exp:25e340c554d5,multivariate_regression/mvar_05883d,Adagrad,0.0001,0,256,32,8192,1.6657496333122253,0.044394918716833806,10,,,,True
exp:25e340c554d5,multivariate_regression/mvar_05883d,AdamW,0.001,0,256,32,8192,0.9551450312137604,0.04383446246508727,10,,,,True
exp:25e340c554d5,multivariate_regression/mvar_05883d,SGD,0.003,1e-05,256,32,8192,1.2189813256263733,0.15391626858580043,10,,,,True
exp:25e340c554d5,multivariate_regression/mvar_05883d,AdamW,0.0001,0,256,32,8192,1.0397052705287932,0.05539451004272858,10,,,,True
exp:25e340c554d5,multivariate_regression/mvar_05883d,Adagrad,0.001,0,256,32,8192,1.0184136509895325,0.05334943476134866,10,,,,True
exp:25e340c554d5,multivariate_regression/mvar_05883d,Adagrad,0.0001,0,1024,32,32768,1.4110244154930114,0.05352370280041094,10,,,,True
exp:25e340c554d5,multivariate_regression/mvar_05883d,AdamW,0.001,0,1024,32,32768,0.9539534091949463,0.05286799918942206,10,,,,True
exp:25e340c554d5,multivariate_regression/mvar_05883d,SGD,0.003,1e-05,1024,32,32768,0.9763158023357391,0.06139448709644667,10,,,,True
exp:25e340c554d5,multivariate_regression/mvar_05883d,AdamW,0.0001,0,1024,32,32768,0.8661246597766876,0.03792412550528978,10,,,,True
exp:25e340c554d5,multivariate_regression/mvar_05883d,Adagrad,0.001,0,1024,32,32768,0.832670521736145,0.033858167189472876,10,,,,True
exp:f431df8b43e3,multivariate_regression/mvar_06497c,Adagrad,0.0001,0,256,32,8192,0.9689254701137543,0.07726140343016047,10,,,,True
exp:f431df8b43e3,multivariate_regression/mvar_06497c,AdamW,0.001,0,256,32,8192,0.5055047690868377,0.034145471672955285,10,,,,True
exp:f431df8b43e3,multivariate_regression/mvar_06497c,SGD,0.003,1e-05,256,32,8192,0.6910091936588287,0.12453882732724982,10,,,,True
exp:f431df8b43e3,multivariate_regression/mvar_06497c,AdamW,0.0001,0,256,32,8192,0.5450219571590423,0.03435220286917241,10,,,,True
exp:f431df8b43e3,multivariate_regression/mvar_06497c,Adagrad,0.001,0,256,32,8192,0.5725539922714233,0.03057022287573248,10,,,,True
exp:f431df8b43e3,multivariate_regression/mvar_06497c,Adagrad,0.0001,0,1024,32,32768,0.68583043217659,0.04082869036144871,10,,,,True
exp:f431df8b43e3,multivariate_regression/mvar_06497c,AdamW,0.001,0,1024,32,32768,0.38359546661376953,0.032789169654280005,10,,,,True
exp:f431df8b43e3,multivariate_regression/mvar_06497c,SGD,0.003,1e-05,1024,32,32768,0.45473088324069977,0.043859570880267186,10,,,,True
exp:f431df8b43e3,multivariate_regression/mvar_06497c,AdamW,0.0001,0,1024,32,32768,0.40058065950870514,0.0226339290490225,10,,,,True
exp:f431df8b43e3,multivariate_regression/mvar_06497c,Adagrad,0.001,0,1024,32,32768,0.428781133890152,0.024201918428424386,10,,,,True
