type,set,a,b,steps,samples,input_dim,expression,same_model,same_loss,same_budget,finite,clean,a_failed,b_failed,difference,ratio
adagrad,mvar_069723/set_8192_var_var_var_6107a5,c_be272b,c_d4f2a8,512,8192,4,tanh(2*x0)**6 + x0**2*x1 + x1**2 + x3**2 + x2 - 3,False,True,True,True,True,0,0,-0.02762010884471238,0.1726101939805846
lowadam,mvar_2e1d28/set_4096_var_var_fix_8feafe,c_7e7b9a,c_dfbed9,256,4096,3,x0**3 + cos(2*pi*x1)*sin(2*pi*x0) + 4*sin(2*pi*x1)**2 + tanh(2*x1) + tanh(2*x2) + 0.5*x2,False,True,True,False,False,10,10,,
adagrad,mvar_31d639/set_4096_var_var_fix_c4589b,c_835e14,c_a24299,256,4096,5,sin(2*pi*x3)*tanh(2*x0) + cos(2*pi*cos(2*pi*x3)**3) + sin(2*pi*sin(2*pi*x2)) + tanh(2*cos(2*pi*x4)) + tanh(2*tanh(2*x3)) + tanh(2*x1) + tanh(2*x4) + x0 + 3,False,True,True,True,True,0,0,-0.1828768372535705,0.8996332550721797
adagrad,mvar_31d639/set_4096_var_var_fix_c4589b,c_b63a0f,c_a24299,256,4096,5,sin(2*pi*x3)*tanh(2*x0) + cos(2*pi*cos(2*pi*x3)**3) + sin(2*pi*sin(2*pi*x2)) + tanh(2*cos(2*pi*x4)) + tanh(2*tanh(2*x3)) + tanh(2*x1) + tanh(2*x4) + x0 + 3,False,True,True,True,True,0,0,-0.27477611303329463,0.8491969542822344
lowadam,mvar_3cf8f5/set_4096_var_var_fix_f39b7d,c_0eacba,c_5ffdd9,256,4096,8,sin(2*pi*x7)**3 + x0**3 + 2*x4**3 + x1*x7 + tanh(2*x1) + tanh(2*x2) + tanh(2*x3) + x1 + x5 + x6,False,True,True,False,False,0,10,,
lowadam,mvar_4ab826/set_4096_var_var_fix_e5213c,c_b5cd08,c_e23e57,256,4096,3,x0**3 + cos(2*pi*x2)*sin(2*pi*x1) + cos(2*pi*x2) + x1 - 0.5,False,True,True,True,True,0,0,-0.7109114170074463,0.07850242651617945
adagrad,mvar_52ec5a/set_4096_var_var_fix_91c4d5,c_d15780,c_9bdf1e,256,4096,5,x0**3*x2 + x2*x3 + sin(2*pi*sin(2*pi*cos(2*pi*x1))) + tanh(2*x0) + x2 + x3 + x4 - 4,False,True,True,True,True,0,0,-0.12865525484085083,0.7707137126138603
adagrad,mvar_52ec5a/set_4096_var_var_fix_91c4d5,c_e17faf,c_9bdf1e,256,4096,5,x0**3*x2 + x2*x3 + sin(2*pi*sin(2*pi*cos(2*pi*x1))) + tanh(2*x0) + x2 + x3 + x4 - 4,False,True,True,True,True,0,0,-0.08856139183044431,0.8421680267652448
lowadam,mvar_54e3a3/set_8192_var_var_var_ac9308,c_2371b7,c_a62bdf,512,8192,3,cos(2*pi*x0)*sin(2*pi*x2) + x1**2 - 0.5*cos(2*pi*x2) + sin(2*pi*x0) + tanh(2*sin(2*pi*x1)) + tanh(2*x2) - 6,False,True,True,False,False,0,10,,
adagrad,mvar_54e3a3/set_8192_var_var_var_ac9308,c_2371b7,c_e04bb6,512,8192,3,cos(2*pi*x0)*sin(2*pi*x2) + x1**2 - 0.5*cos(2*pi*x2) + sin(2*pi*x0) + tanh(2*sin(2*pi*x1)) + tanh(2*x2) - 6,False,True,True,True,True,0,0,-0.5022648453712463,0.49905493395149136
lowadam,mvar_5e9d75/set_4096_var_var_fix_362136,c_02e6cc,c_caaeb2,256,4096,4,0.25*x2**6 + cos(2*pi*x2)*x1 + cos(pi*sin(2*pi*x0)) + tanh(2*x1) + x3 + 5,False,True,True,False,False,0,10,,
lowadam,mvar_5e9d75/set_4096_var_var_fix_362136,c_420205,c_caaeb2,256,4096,4,0.25*x2**6 + cos(2*pi*x2)*x1 + cos(pi*sin(2*pi*x0)) + tanh(2*x1) + x3 + 5,False,True,True,False,False,0,10,,
lowadam,mvar_8a3686/set_4096_var_var_fix_0afcca,c_aefe0d,c_b2c40d,256,4096,4,tanh(2*x2)*x3 + x1**2 + x0 + 2*x2 + x3 - 3,False,True,True,True,True,0,0,-0.8494257093407214,0.016443362394291117
lowadam,mvar_8a3686/set_4096_var_var_fix_0afcca,c_cdd21e,c_b2c40d,256,4096,4,tanh(2*x2)*x3 + x1**2 + x0 + 2*x2 + x3 - 3,False,True,True,True,True,0,0,-0.8568969506770372,0.007792353922707362
adagrad,mvar_919875/set_4096_var_var_fix_1e65aa,c_d3d508,c_a4d722,256,4096,2,cos(2*pi*x1)*sin(2*pi*x0) + x0 + x1 - 2,False,True,True,True,True,0,0,-0.20652316138148305,0.1914203652949378
lowadam,mvar_afd61d/set_4096_var_var_fix_1f2a1f,c_301d42,c_9ab542,256,4096,5,tanh(2*x0)**3 + x1**3 + tanh(2*x0)*x1 + cos(2*pi*x3) + sin(2*pi*x2) + tanh(2*x4) - 4*x1 + x4 + 7,False,True,True,False,False,0,10,,
lowadam,mvar_b24f34/set_4096_var_var_fix_01d73f,c_e106fd,c_da062c,256,4096,2,abs(sin(2*pi*x0))**2 + sin(2*pi*x0)*sin(2*pi*x1) + tanh(2*x1**2),False,True,True,True,True,0,0,-0.024819594621658336,0.9369942329430366
adagrad,mvar_c966f7/set_4096_var_var_fix_e0972b,c_be0d13,c_612c99,256,4096,4,x0*x2 + x2**2 + cos(2*pi*tanh(2*x0)**3) - 2*x1 + x3,False,True,True,True,True,0,0,0.004976917896419766,1.285525063928272
adagrad,mvar_d0ddb2/set_4096_var_var_fix_0ee81b,c_fc115a,c_befc4f,256,4096,2,x0**3*x1 + cos(2*pi*x1) + tanh(2*x0) + 3,False,True,True,True,True,0,0,-0.4819798807613552,0.015857840913450858
adagrad,mvar_f14325/set_4096_var_var_fix_9d3a90,c_f4d427,c_84aa78,256,4096,4,tanh(2*tanh(2*x3))**3 - 0.25*x1**3 + x2**3 + tanh(2*x1)*x0 + x0**2 - 3*x1 + x2 + 4,False,True,True,True,True,0,0,-0.012238768953830005,0.5392396797254455
lowadam,mvar_f489a0/set_4096_var_var_fix_8e6dfd,c_d452ad,c_13287c,256,4096,2,cos(2*pi*x1) - sin(6*pi*x1) - sin(2*pi*x0) + x0 + 1,False,True,True,True,False,0,2,-0.6280139237642288,0.6324979165366132
