file,dataset,dim,depth,width,activation,residual,ln,optimizer,T,batch,proxy,mean,std,error
experiments.json,xor_classification/xorcls_063fc1,4,4,192,gelu,False,1100,"{'type': 'AdamW', 'lr': 3e-05, 'weight_decay': 0, 'betas': [0.9, 0.95]}",256,32,0.00768,0.36042518317699435,0.013308800083491485,
experiments.json,xor_classification/xorcls_063fc1,4,4,192,gelu,False,0011,"{'type': 'AdamW', 'lr': 3e-05, 'weight_decay': 0, 'betas': [0.9, 0.95]}",256,32,0.00768,0.20943681746721268,0.0071606356850812455,
experiments.json,xor_classification/xorcls_063fc1,4,4,192,gelu,False,1110,"{'type': 'AdamW', 'lr': 3e-05, 'weight_decay': 0, 'betas': [0.9, 0.95]}",256,32,0.00768,0.217365662753582,0.006966489170420742,
experiments.json,xor_classification/xorcls_063fc1,4,4,192,gelu,False,0111,"{'type': 'AdamW', 'lr': 3e-05, 'weight_decay': 0, 'betas': [0.9, 0.95]}",256,32,0.00768,0.16878436207771302,0.004640503857290794,
experiments.json,xor_classification/xorcls_063fc1,4,4,192,gelu,False,1111,"{'type': 'AdamW', 'lr': 3e-05, 'weight_decay': 0, 'betas': [0.9, 0.95]}",256,32,0.00768,0.15682264417409897,0.005050702034734469,
experiments.json,xor_classification/xorcls_063fc1,4,4,192,gelu,True,1100,"{'type': 'AdamW', 'lr': 3e-05, 'weight_decay': 0, 'betas': [0.9, 0.95]}",256,32,0.00768,0.21933710426092148,0.01021371188704158,
experiments.json,xor_classification/xorcls_063fc1,4,4,192,gelu,True,0011,"{'type': 'AdamW', 'lr': 3e-05, 'weight_decay': 0, 'betas': [0.9, 0.95]}",256,32,0.00768,0.23865600526332856,0.012603715142385473,
experiments.json,xor_classification/xorcls_063fc1,4,4,192,gelu,True,1110,"{'type': 'AdamW', 'lr': 3e-05, 'weight_decay': 0, 'betas': [0.9, 0.95]}",256,32,0.00768,0.19569152891635894,0.008303115970222673,
experiments.json,xor_classification/xorcls_063fc1,4,4,192,gelu,True,0111,"{'type': 'AdamW', 'lr': 3e-05, 'weight_decay': 0, 'betas': [0.9, 0.95]}",256,32,0.00768,0.2002710834145546,0.010325279810975418,
experiments.json,xor_classification/xorcls_063fc1,4,4,192,gelu,True,1111,"{'type': 'AdamW', 'lr': 3e-05, 'weight_decay': 0, 'betas': [0.9, 0.95]}",256,32,0.00768,0.18067875355482102,0.006355737979056223,
experiments.json,xor_classification/xorcls_063fc1,4,4,192,relu,False,1100,"{'type': 'AdamW', 'lr': 3e-05, 'weight_decay': 0, 'betas': [0.9, 0.95]}",256,32,0.00768,0.3839264214038849,0.012940528363740907,
experiments.json,xor_classification/xorcls_063fc1,4,4,192,relu,False,0011,"{'type': 'AdamW', 'lr': 3e-05, 'weight_decay': 0, 'betas': [0.9, 0.95]}",256,32,0.00768,0.2120206892490387,0.010951516753684904,
experiments.json,xor_classification/xorcls_063fc1,4,4,192,relu,False,1110,"{'type': 'AdamW', 'lr': 3e-05, 'weight_decay': 0, 'betas': [0.9, 0.95]}",256,32,0.00768,0.26346403658390044,0.010191637981806313,
experiments.json,xor_classification/xorcls_063fc1,4,4,192,relu,False,0111,"{'type': 'AdamW', 'lr': 3e-05, 'weight_decay': 0, 'betas': [0.9, 0.95]}",256,32,0.00768,0.19841759502887726,0.009160585833951707,
experiments.json,xor_classification/xorcls_063fc1,4,4,192,relu,False,1111,"{'type': 'AdamW', 'lr': 3e-05, 'weight_decay': 0, 'betas': [0.9, 0.95]}",256,32,0.00768,0.19138130992650987,0.006282301412408313,
experiments.json,xor_classification/xorcls_063fc1,4,4,192,relu,True,1100,"{'type': 'AdamW', 'lr': 3e-05, 'weight_decay': 0, 'betas': [0.9, 0.95]}",256,32,0.00768,0.2461133509874344,0.010735787505277827,
experiments.json,xor_classification/xorcls_063fc1,4,4,192,relu,True,0011,"{'type': 'AdamW', 'lr': 3e-05, 'weight_decay': 0, 'betas': [0.9, 0.95]}",256,32,0.00768,0.2610884368419647,0.013749589868058366,
experiments.json,xor_classification/xorcls_063fc1,4,4,192,relu,True,1110,"{'type': 'AdamW', 'lr': 3e-05, 'weight_decay': 0, 'betas': [0.9, 0.95]}",256,32,0.00768,0.22112827003002167,0.008433348334798632,
experiments.json,xor_classification/xorcls_063fc1,4,4,192,relu,True,0111,"{'type': 'AdamW', 'lr': 3e-05, 'weight_decay': 0, 'betas': [0.9, 0.95]}",256,32,0.00768,0.22467138916254042,0.012963321458690657,
experiments.json,xor_classification/xorcls_063fc1,4,4,192,relu,True,1111,"{'type': 'AdamW', 'lr': 3e-05, 'weight_decay': 0, 'betas': [0.9, 0.95]}",256,32,0.00768,0.2035575807094574,0.007087435412666015,
experiments.json,xor_classification/xorcls_063fc1,4,4,256,gelu,False,1100,"{'type': 'AdamW', 'lr': 3e-05, 'weight_decay': 0, 'betas': [0.9, 0.95]}",256,32,0.00768,0.19744378030300141,0.01052702160043899,
experiments.json,xor_classification/xorcls_063fc1,4,4,256,gelu,False,0011,"{'type': 'AdamW', 'lr': 3e-05, 'weight_decay': 0, 'betas': [0.9, 0.95]}",256,32,0.00768,0.1502644583582878,0.00954139971142155,
experiments.json,xor_classification/xorcls_063fc1,4,4,256,gelu,False,1110,"{'type': 'AdamW', 'lr': 3e-05, 'weight_decay': 0, 'betas': [0.9, 0.95]}",256,32,0.00768,0.13646764159202576,0.00745204244557978,
experiments.json,xor_classification/xorcls_063fc1,4,4,256,gelu,False,0111,"{'type': 'AdamW', 'lr': 3e-05, 'weight_decay': 0, 'betas': [0.9, 0.95]}",256,32,0.00768,0.1240328423678875,0.006523938476569522,
experiments.json,xor_classification/xorcls_063fc1,4,4,256,gelu,False,1111,"{'type': 'AdamW', 'lr': 3e-05, 'weight_decay': 0, 'betas': [0.9, 0.95]}",256,32,0.00768,0.11545178219676018,0.006460116503711048,
experiments.json,xor_classification/xorcls_063fc1,4,4,256,gelu,True,1100,"{'type': 'AdamW', 'lr': 3e-05, 'weight_decay': 0, 'betas': [0.9, 0.95]}",256,32,0.00768,0.16441596448421478,0.010022986143128784,
experiments.json,xor_classification/xorcls_063fc1,4,4,256,gelu,True,0011,"{'type': 'AdamW', 'lr': 3e-05, 'weight_decay': 0, 'betas': [0.9, 0.95]}",256,32,0.00768,0.1751683309674263,0.010163025462738538,
experiments.json,xor_classification/xorcls_063fc1,4,4,256,gelu,True,1110,"{'type': 'AdamW', 'lr': 3e-05, 'weight_decay': 0, 'betas': [0.9, 0.95]}",256,32,0.00768,0.14861415177583695,0.01035757372865088,
experiments.json,xor_classification/xorcls_063fc1,4,4,256,gelu,True,0111,"{'type': 'AdamW', 'lr': 3e-05, 'weight_decay': 0, 'betas': [0.9, 0.95]}",256,32,0.00768,0.14909591227769853,0.01028597504767035,
experiments.json,xor_classification/xorcls_063fc1,4,4,256,gelu,True,1111,"{'type': 'AdamW', 'lr': 3e-05, 'weight_decay': 0, 'betas': [0.9, 0.95]}",256,32,0.00768,0.139204241335392,0.009777358661149716,
experiments.json,xor_classification/xorcls_063fc1,4,4,256,relu,False,1100,"{'type': 'AdamW', 'lr': 3e-05, 'weight_decay': 0, 'betas': [0.9, 0.95]}",256,32,0.00768,0.23517014533281327,0.007996279942687316,
experiments.json,xor_classification/xorcls_063fc1,4,4,256,relu,False,0011,"{'type': 'AdamW', 'lr': 3e-05, 'weight_decay': 0, 'betas': [0.9, 0.95]}",256,32,0.00768,0.1552245408296585,0.008962864402685606,
experiments.json,xor_classification/xorcls_063fc1,4,4,256,relu,False,1110,"{'type': 'AdamW', 'lr': 3e-05, 'weight_decay': 0, 'betas': [0.9, 0.95]}",256,32,0.00768,0.16964928060770035,0.008545259933990449,
experiments.json,xor_classification/xorcls_063fc1,4,4,256,relu,False,0111,"{'type': 'AdamW', 'lr': 3e-05, 'weight_decay': 0, 'betas': [0.9, 0.95]}",256,32,0.00768,0.14710903018712998,0.01047061844667084,
experiments.json,xor_classification/xorcls_063fc1,4,4,256,relu,False,1111,"{'type': 'AdamW', 'lr': 3e-05, 'weight_decay': 0, 'betas': [0.9, 0.95]}",256,32,0.00768,0.13874961733818053,0.008428543908339066,
experiments.json,xor_classification/xorcls_063fc1,4,4,256,relu,True,1100,"{'type': 'AdamW', 'lr': 3e-05, 'weight_decay': 0, 'betas': [0.9, 0.95]}",256,32,0.00768,0.18930271863937378,0.009556783214747845,
experiments.json,xor_classification/xorcls_063fc1,4,4,256,relu,True,0011,"{'type': 'AdamW', 'lr': 3e-05, 'weight_decay': 0, 'betas': [0.9, 0.95]}",256,32,0.00768,0.1929181769490242,0.009392791463466476,
experiments.json,xor_classification/xorcls_063fc1,4,4,256,relu,True,1110,"{'type': 'AdamW', 'lr': 3e-05, 'weight_decay': 0, 'betas': [0.9, 0.95]}",256,32,0.00768,0.17028331458568574,0.009001113662978896,
experiments.json,xor_classification/xorcls_063fc1,4,4,256,relu,True,0111,"{'type': 'AdamW', 'lr': 3e-05, 'weight_decay': 0, 'betas': [0.9, 0.95]}",256,32,0.00768,0.16940467059612274,0.009493777423087173,
experiments.json,xor_classification/xorcls_063fc1,4,4,256,relu,True,1111,"{'type': 'AdamW', 'lr': 3e-05, 'weight_decay': 0, 'betas': [0.9, 0.95]}",256,32,0.00768,0.15744419395923615,0.008182179836548117,
experiments.json,xor_classification/xorcls_063fc1,4,4,192,gelu,False,1100,"{'type': 'AdamW', 'lr': 0.0003, 'weight_decay': 0, 'betas': [0.9, 0.95]}",256,32,0.0768,0.09723030179738998,0.023886736041239694,
experiments.json,xor_classification/xorcls_063fc1,4,4,192,gelu,False,0011,"{'type': 'AdamW', 'lr': 0.0003, 'weight_decay': 0, 'betas': [0.9, 0.95]}",256,32,0.0768,0.1280121274292469,0.02538484374294601,
experiments.json,xor_classification/xorcls_063fc1,4,4,192,gelu,False,1110,"{'type': 'AdamW', 'lr': 0.0003, 'weight_decay': 0, 'betas': [0.9, 0.95]}",256,32,0.0768,0.10839874222874642,0.024967831727958596,
experiments.json,xor_classification/xorcls_063fc1,4,4,192,gelu,False,0111,"{'type': 'AdamW', 'lr': 0.0003, 'weight_decay': 0, 'betas': [0.9, 0.95]}",256,32,0.0768,0.12366308346390724,0.034600906886660676,
experiments.json,xor_classification/xorcls_063fc1,4,4,192,gelu,False,1111,"{'type': 'AdamW', 'lr': 0.0003, 'weight_decay': 0, 'betas': [0.9, 0.95]}",256,32,0.0768,0.12403794154524803,0.031921828578834216,
experiments.json,xor_classification/xorcls_063fc1,4,4,192,gelu,True,1100,"{'type': 'AdamW', 'lr': 0.0003, 'weight_decay': 0, 'betas': [0.9, 0.95]}",256,32,0.0768,0.11226363703608513,0.028357767784119463,
experiments.json,xor_classification/xorcls_063fc1,4,4,192,gelu,True,0011,"{'type': 'AdamW', 'lr': 0.0003, 'weight_decay': 0, 'betas': [0.9, 0.95]}",256,32,0.0768,0.10098958536982536,0.019601160813268403,
experiments.json,xor_classification/xorcls_063fc1,4,4,192,gelu,True,1110,"{'type': 'AdamW', 'lr': 0.0003, 'weight_decay': 0, 'betas': [0.9, 0.95]}",256,32,0.0768,0.10974485129117965,0.022047279865134453,
experiments.json,xor_classification/xorcls_063fc1,4,4,192,gelu,True,0111,"{'type': 'AdamW', 'lr': 0.0003, 'weight_decay': 0, 'betas': [0.9, 0.95]}",256,32,0.0768,0.10670142397284507,0.02563460598938636,
experiments.json,xor_classification/xorcls_063fc1,4,4,192,gelu,True,1111,"{'type': 'AdamW', 'lr': 0.0003, 'weight_decay': 0, 'betas': [0.9, 0.95]}",256,32,0.0768,0.10987392142415046,0.021690775919469545,
experiments.json,xor_classification/xorcls_063fc1,4,4,192,relu,False,1100,"{'type': 'AdamW', 'lr': 0.0003, 'weight_decay': 0, 'betas': [0.9, 0.95]}",256,32,0.0768,0.12005485743284225,0.024877829735787615,
experiments.json,xor_classification/xorcls_063fc1,4,4,192,relu,False,0011,"{'type': 'AdamW', 'lr': 0.0003, 'weight_decay': 0, 'betas': [0.9, 0.95]}",256,32,0.0768,0.14946505501866342,0.040574000595827116,
experiments.json,xor_classification/xorcls_063fc1,4,4,192,relu,False,1110,"{'type': 'AdamW', 'lr': 0.0003, 'weight_decay': 0, 'betas': [0.9, 0.95]}",256,32,0.0768,0.12786284536123277,0.02551280917336289,
experiments.json,xor_classification/xorcls_063fc1,4,4,192,relu,False,0111,"{'type': 'AdamW', 'lr': 0.0003, 'weight_decay': 0, 'betas': [0.9, 0.95]}",256,32,0.0768,0.1590153157711029,0.03973682627189401,
experiments.json,xor_classification/xorcls_063fc1,4,4,192,relu,False,1111,"{'type': 'AdamW', 'lr': 0.0003, 'weight_decay': 0, 'betas': [0.9, 0.95]}",256,32,0.0768,0.16327397152781487,0.048656865005357985,
experiments.json,xor_classification/xorcls_063fc1,4,4,192,relu,True,1100,"{'type': 'AdamW', 'lr': 0.0003, 'weight_decay': 0, 'betas': [0.9, 0.95]}",256,32,0.0768,0.1276279531419277,0.03539215555000467,
experiments.json,xor_classification/xorcls_063fc1,4,4,192,relu,True,0011,"{'type': 'AdamW', 'lr': 0.0003, 'weight_decay': 0, 'betas': [0.9, 0.95]}",256,32,0.0768,0.12719878181815147,0.024920308066760103,
experiments.json,xor_classification/xorcls_063fc1,4,4,192,relu,True,1110,"{'type': 'AdamW', 'lr': 0.0003, 'weight_decay': 0, 'betas': [0.9, 0.95]}",256,32,0.0768,0.12897491976618766,0.034927667382386535,
experiments.json,xor_classification/xorcls_063fc1,4,4,192,relu,True,0111,"{'type': 'AdamW', 'lr': 0.0003, 'weight_decay': 0, 'betas': [0.9, 0.95]}",256,32,0.0768,0.13021514043211938,0.03201202171997908,
experiments.json,xor_classification/xorcls_063fc1,4,4,192,relu,True,1111,"{'type': 'AdamW', 'lr': 0.0003, 'weight_decay': 0, 'betas': [0.9, 0.95]}",256,32,0.0768,0.1292949691414833,0.029736328150189978,
experiments.json,xor_classification/xorcls_063fc1,4,4,256,gelu,False,1100,"{'type': 'AdamW', 'lr': 0.0003, 'weight_decay': 0, 'betas': [0.9, 0.95]}",256,32,0.0768,0.1278049722313881,0.03174577076640891,
experiments.json,xor_classification/xorcls_063fc1,4,4,256,gelu,False,0011,"{'type': 'AdamW', 'lr': 0.0003, 'weight_decay': 0, 'betas': [0.9, 0.95]}",256,32,0.0768,0.12438623681664467,0.02288763475200402,
experiments.json,xor_classification/xorcls_063fc1,4,4,256,gelu,False,1110,"{'type': 'AdamW', 'lr': 0.0003, 'weight_decay': 0, 'betas': [0.9, 0.95]}",256,32,0.0768,0.12648426070809365,0.019383049447679167,
experiments.json,xor_classification/xorcls_063fc1,4,4,256,gelu,False,0111,"{'type': 'AdamW', 'lr': 0.0003, 'weight_decay': 0, 'betas': [0.9, 0.95]}",256,32,0.0768,0.13488049879670144,0.037074585322878786,
experiments.json,xor_classification/xorcls_063fc1,4,4,256,gelu,False,1111,"{'type': 'AdamW', 'lr': 0.0003, 'weight_decay': 0, 'betas': [0.9, 0.95]}",256,32,0.0768,0.1353179357945919,0.017669979903242337,
experiments.json,xor_classification/xorcls_063fc1,4,4,256,gelu,True,1100,"{'type': 'AdamW', 'lr': 0.0003, 'weight_decay': 0, 'betas': [0.9, 0.95]}",256,32,0.0768,0.1347286693751812,0.030055355805670276,
experiments.json,xor_classification/xorcls_063fc1,4,4,256,gelu,True,0011,"{'type': 'AdamW', 'lr': 0.0003, 'weight_decay': 0, 'betas': [0.9, 0.95]}",256,32,0.0768,0.12867545560002328,0.03211544646841477,
experiments.json,xor_classification/xorcls_063fc1,4,4,256,gelu,True,1110,"{'type': 'AdamW', 'lr': 0.0003, 'weight_decay': 0, 'betas': [0.9, 0.95]}",256,32,0.0768,0.13239686191082,0.027558919211842524,
experiments.json,xor_classification/xorcls_063fc1,4,4,256,gelu,True,0111,"{'type': 'AdamW', 'lr': 0.0003, 'weight_decay': 0, 'betas': [0.9, 0.95]}",256,32,0.0768,0.13268902897834778,0.03201054398975884,
experiments.json,xor_classification/xorcls_063fc1,4,4,256,gelu,True,1111,"{'type': 'AdamW', 'lr': 0.0003, 'weight_decay': 0, 'betas': [0.9, 0.95]}",256,32,0.0768,0.13936935663223265,0.029360790245363005,
experiments.json,xor_classification/xorcls_063fc1,4,4,256,relu,False,1100,"{'type': 'AdamW', 'lr': 0.0003, 'weight_decay': 0, 'betas': [0.9, 0.95]}",256,32,0.0768,0.14687976837158204,0.03630411796838176,
experiments.json,xor_classification/xorcls_063fc1,4,4,256,relu,False,0011,"{'type': 'AdamW', 'lr': 0.0003, 'weight_decay': 0, 'betas': [0.9, 0.95]}",256,32,0.0768,0.15518546998500823,0.03281526932182542,
experiments.json,xor_classification/xorcls_063fc1,4,4,256,relu,False,1110,"{'type': 'AdamW', 'lr': 0.0003, 'weight_decay': 0, 'betas': [0.9, 0.95]}",256,32,0.0768,0.15305902063846588,0.026599946282850586,
experiments.json,xor_classification/xorcls_063fc1,4,4,256,relu,False,0111,"{'type': 'AdamW', 'lr': 0.0003, 'weight_decay': 0, 'betas': [0.9, 0.95]}",256,32,0.0768,0.16861725375056266,0.040489551781146244,
experiments.json,xor_classification/xorcls_063fc1,4,4,256,relu,False,1111,"{'type': 'AdamW', 'lr': 0.0003, 'weight_decay': 0, 'betas': [0.9, 0.95]}",256,32,0.0768,0.16280396282672882,0.021252752767855463,
experiments.json,xor_classification/xorcls_063fc1,4,4,256,relu,True,1100,"{'type': 'AdamW', 'lr': 0.0003, 'weight_decay': 0, 'betas': [0.9, 0.95]}",256,32,0.0768,0.13140018358826638,0.026038053848023508,
experiments.json,xor_classification/xorcls_063fc1,4,4,256,relu,True,0011,"{'type': 'AdamW', 'lr': 0.0003, 'weight_decay': 0, 'betas': [0.9, 0.95]}",256,32,0.0768,0.13529685959219934,0.02397293818318652,
experiments.json,xor_classification/xorcls_063fc1,4,4,256,relu,True,1110,"{'type': 'AdamW', 'lr': 0.0003, 'weight_decay': 0, 'betas': [0.9, 0.95]}",256,32,0.0768,0.1431669771671295,0.03152263984496715,
experiments.json,xor_classification/xorcls_063fc1,4,4,256,relu,True,0111,"{'type': 'AdamW', 'lr': 0.0003, 'weight_decay': 0, 'betas': [0.9, 0.95]}",256,32,0.0768,0.14072595834732055,0.02203501133651611,
experiments.json,xor_classification/xorcls_063fc1,4,4,256,relu,True,1111,"{'type': 'AdamW', 'lr': 0.0003, 'weight_decay': 0, 'betas': [0.9, 0.95]}",256,32,0.0768,0.13999748602509499,0.035600402354030114,
transport_experiments.json,xor_classification/xorcls_076df5,2,4,192,gelu,False,1100,"{'type': 'AdamW', 'lr': 3e-05, 'weight_decay': 0, 'betas': [0.9, 0.95]}",256,32,0.00768,0.17002763450145722,0.010133324318902988,
transport_experiments.json,xor_classification/xorcls_076df5,2,4,192,gelu,False,0011,"{'type': 'AdamW', 'lr': 3e-05, 'weight_decay': 0, 'betas': [0.9, 0.95]}",256,32,0.00768,0.10335810258984565,0.006733572982782069,
transport_experiments.json,xor_classification/xorcls_076df5,2,4,192,gelu,False,1110,"{'type': 'AdamW', 'lr': 3e-05, 'weight_decay': 0, 'betas': [0.9, 0.95]}",256,32,0.00768,0.0903162606060505,0.006586647951033703,
transport_experiments.json,xor_classification/xorcls_076df5,2,4,192,gelu,False,0111,"{'type': 'AdamW', 'lr': 3e-05, 'weight_decay': 0, 'betas': [0.9, 0.95]}",256,32,0.00768,0.07482789382338524,0.005680761887159014,
transport_experiments.json,xor_classification/xorcls_076df5,2,4,192,gelu,False,1111,"{'type': 'AdamW', 'lr': 3e-05, 'weight_decay': 0, 'betas': [0.9, 0.95]}",256,32,0.00768,0.06301222927868366,0.0051562339274085715,
transport_experiments.json,xor_classification/xorcls_076df5,2,4,192,gelu,True,1100,"{'type': 'AdamW', 'lr': 3e-05, 'weight_decay': 0, 'betas': [0.9, 0.95]}",256,32,0.00768,0.10043425038456917,0.003027789500432243,
transport_experiments.json,xor_classification/xorcls_076df5,2,4,192,gelu,True,0011,"{'type': 'AdamW', 'lr': 3e-05, 'weight_decay': 0, 'betas': [0.9, 0.95]}",256,32,0.00768,0.10593842342495918,0.005966391483178892,
transport_experiments.json,xor_classification/xorcls_076df5,2,4,192,gelu,True,1110,"{'type': 'AdamW', 'lr': 3e-05, 'weight_decay': 0, 'betas': [0.9, 0.95]}",256,32,0.00768,0.08737230151891709,0.0031486457247869772,
transport_experiments.json,xor_classification/xorcls_076df5,2,4,192,gelu,True,0111,"{'type': 'AdamW', 'lr': 3e-05, 'weight_decay': 0, 'betas': [0.9, 0.95]}",256,32,0.00768,0.08704517856240272,0.004746217823767605,
transport_experiments.json,xor_classification/xorcls_076df5,2,4,192,gelu,True,1111,"{'type': 'AdamW', 'lr': 3e-05, 'weight_decay': 0, 'betas': [0.9, 0.95]}",256,32,0.00768,0.07801314666867257,0.004318010260837819,
transport_experiments.json,xor_classification/xorcls_076df5,2,4,192,relu,False,1110,"{'type': 'AdamW', 'lr': 3e-05, 'weight_decay': 0, 'betas': [0.9, 0.95]}",256,32,0.00768,0.09917226880788803,0.00877981273421547,
transport_experiments.json,xor_classification/xorcls_076df5,2,4,192,relu,False,0111,"{'type': 'AdamW', 'lr': 3e-05, 'weight_decay': 0, 'betas': [0.9, 0.95]}",256,32,0.00768,0.06769550926983356,0.00594578024452358,
transport_experiments.json,xor_classification/xorcls_076df5,2,4,192,relu,True,1110,"{'type': 'AdamW', 'lr': 3e-05, 'weight_decay': 0, 'betas': [0.9, 0.95]}",256,32,0.00768,0.08813691139221191,0.004551285023081566,
transport_experiments.json,xor_classification/xorcls_076df5,2,4,192,relu,True,0111,"{'type': 'AdamW', 'lr': 3e-05, 'weight_decay': 0, 'betas': [0.9, 0.95]}",256,32,0.00768,0.08539276570081711,0.004435801641552563,
transport_experiments.json,xor_classification/xorcls_076df5,2,4,256,gelu,False,1110,"{'type': 'AdamW', 'lr': 3e-05, 'weight_decay': 0, 'betas': [0.9, 0.95]}",256,32,0.00768,0.06110516116023064,0.005176559089044067,
transport_experiments.json,xor_classification/xorcls_076df5,2,4,256,gelu,False,0111,"{'type': 'AdamW', 'lr': 3e-05, 'weight_decay': 0, 'betas': [0.9, 0.95]}",256,32,0.00768,0.06191166341304779,0.008603562278273818,
transport_experiments.json,xor_classification/xorcls_076df5,2,4,256,gelu,True,1110,"{'type': 'AdamW', 'lr': 3e-05, 'weight_decay': 0, 'betas': [0.9, 0.95]}",256,32,0.00768,0.07047492042183875,0.0039533102461258235,
transport_experiments.json,xor_classification/xorcls_076df5,2,4,256,gelu,True,0111,"{'type': 'AdamW', 'lr': 3e-05, 'weight_decay': 0, 'betas': [0.9, 0.95]}",256,32,0.00768,0.06908471956849098,0.0042904605410064856,
transport_experiments.json,xor_classification/xorcls_076df5,2,4,256,relu,False,1110,"{'type': 'AdamW', 'lr': 3e-05, 'weight_decay': 0, 'betas': [0.9, 0.95]}",256,32,0.00768,0.06119806468486786,0.005834898003198545,
transport_experiments.json,xor_classification/xorcls_076df5,2,4,256,relu,False,0111,"{'type': 'AdamW', 'lr': 3e-05, 'weight_decay': 0, 'betas': [0.9, 0.95]}",256,32,0.00768,0.05262554287910461,0.00781302754497228,
transport_experiments.json,xor_classification/xorcls_076df5,2,4,256,relu,True,1110,"{'type': 'AdamW', 'lr': 3e-05, 'weight_decay': 0, 'betas': [0.9, 0.95]}",256,32,0.00768,0.07138307690620423,0.004111487421315912,
transport_experiments.json,xor_classification/xorcls_076df5,2,4,256,relu,True,0111,"{'type': 'AdamW', 'lr': 3e-05, 'weight_decay': 0, 'betas': [0.9, 0.95]}",256,32,0.00768,0.06767626702785492,0.003212238554863734,
transport_experiments.json,xor_classification/xorcls_076df5,2,4,192,gelu,False,1100,"{'type': 'AdamW', 'lr': 0.0003, 'weight_decay': 0, 'betas': [0.9, 0.95]}",256,32,0.0768,0.05991200543940067,0.019651249232629776,
transport_experiments.json,xor_classification/xorcls_076df5,2,4,192,gelu,False,0011,"{'type': 'AdamW', 'lr': 0.0003, 'weight_decay': 0, 'betas': [0.9, 0.95]}",256,32,0.0768,0.08139427341520786,0.02495683141914178,
transport_experiments.json,xor_classification/xorcls_076df5,2,4,192,gelu,False,1110,"{'type': 'AdamW', 'lr': 0.0003, 'weight_decay': 0, 'betas': [0.9, 0.95]}",256,32,0.0768,0.06663810946047306,0.028224498544976603,
transport_experiments.json,xor_classification/xorcls_076df5,2,4,192,gelu,False,0111,"{'type': 'AdamW', 'lr': 0.0003, 'weight_decay': 0, 'betas': [0.9, 0.95]}",256,32,0.0768,0.0726173035800457,0.021183317892952244,
transport_experiments.json,xor_classification/xorcls_076df5,2,4,192,gelu,False,1111,"{'type': 'AdamW', 'lr': 0.0003, 'weight_decay': 0, 'betas': [0.9, 0.95]}",256,32,0.0768,0.07484202086925507,0.02623114173956524,
transport_experiments.json,xor_classification/xorcls_076df5,2,4,192,gelu,True,1100,"{'type': 'AdamW', 'lr': 0.0003, 'weight_decay': 0, 'betas': [0.9, 0.95]}",256,32,0.0768,0.06409597508609295,0.020100867711235832,
transport_experiments.json,xor_classification/xorcls_076df5,2,4,192,gelu,True,0011,"{'type': 'AdamW', 'lr': 0.0003, 'weight_decay': 0, 'betas': [0.9, 0.95]}",256,32,0.0768,0.06008176878094673,0.016692466434738425,
transport_experiments.json,xor_classification/xorcls_076df5,2,4,192,gelu,True,1110,"{'type': 'AdamW', 'lr': 0.0003, 'weight_decay': 0, 'betas': [0.9, 0.95]}",256,32,0.0768,0.0646851621568203,0.021189489283665628,
transport_experiments.json,xor_classification/xorcls_076df5,2,4,192,gelu,True,0111,"{'type': 'AdamW', 'lr': 0.0003, 'weight_decay': 0, 'betas': [0.9, 0.95]}",256,32,0.0768,0.0651856929063797,0.01712185262682091,
transport_experiments.json,xor_classification/xorcls_076df5,2,4,192,gelu,True,1111,"{'type': 'AdamW', 'lr': 0.0003, 'weight_decay': 0, 'betas': [0.9, 0.95]}",256,32,0.0768,0.06635303013026714,0.01865383713588348,
transport_experiments.json,xor_classification/xorcls_076df5,2,4,192,relu,False,1110,"{'type': 'AdamW', 'lr': 0.0003, 'weight_decay': 0, 'betas': [0.9, 0.95]}",256,32,0.0768,0.06925099492073059,0.026354649143892486,
transport_experiments.json,xor_classification/xorcls_076df5,2,4,192,relu,False,0111,"{'type': 'AdamW', 'lr': 0.0003, 'weight_decay': 0, 'betas': [0.9, 0.95]}",256,32,0.0768,0.08283027037978172,0.035273349529094083,
transport_experiments.json,xor_classification/xorcls_076df5,2,4,192,relu,True,1110,"{'type': 'AdamW', 'lr': 0.0003, 'weight_decay': 0, 'betas': [0.9, 0.95]}",256,32,0.0768,0.07243032269179821,0.029546458353462972,
transport_experiments.json,xor_classification/xorcls_076df5,2,4,192,relu,True,0111,"{'type': 'AdamW', 'lr': 0.0003, 'weight_decay': 0, 'betas': [0.9, 0.95]}",256,32,0.0768,0.06571646966040134,0.02241617042645745,
transport_experiments.json,xor_classification/xorcls_076df5,2,4,256,gelu,False,1110,"{'type': 'AdamW', 'lr': 0.0003, 'weight_decay': 0, 'betas': [0.9, 0.95]}",256,32,0.0768,0.07805503271520138,0.021741177747715834,
transport_experiments.json,xor_classification/xorcls_076df5,2,4,256,gelu,False,0111,"{'type': 'AdamW', 'lr': 0.0003, 'weight_decay': 0, 'betas': [0.9, 0.95]}",256,32,0.0768,0.0964443825185299,0.05626056673211414,
transport_experiments.json,xor_classification/xorcls_076df5,2,4,256,gelu,True,1110,"{'type': 'AdamW', 'lr': 0.0003, 'weight_decay': 0, 'betas': [0.9, 0.95]}",256,32,0.0768,0.06987316235899925,0.01993280414732957,
transport_experiments.json,xor_classification/xorcls_076df5,2,4,256,gelu,True,0111,"{'type': 'AdamW', 'lr': 0.0003, 'weight_decay': 0, 'betas': [0.9, 0.95]}",256,32,0.0768,0.07595434077084065,0.030739454618196337,
transport_experiments.json,xor_classification/xorcls_076df5,2,4,256,relu,False,1110,"{'type': 'AdamW', 'lr': 0.0003, 'weight_decay': 0, 'betas': [0.9, 0.95]}",256,32,0.0768,0.08428065218031407,0.03913635603671146,
transport_experiments.json,xor_classification/xorcls_076df5,2,4,256,relu,False,0111,"{'type': 'AdamW', 'lr': 0.0003, 'weight_decay': 0, 'betas': [0.9, 0.95]}",256,32,0.0768,0.0857818428426981,0.041805072672940244,
transport_experiments.json,xor_classification/xorcls_076df5,2,4,256,relu,True,1110,"{'type': 'AdamW', 'lr': 0.0003, 'weight_decay': 0, 'betas': [0.9, 0.95]}",256,32,0.0768,0.06437807492911815,0.019491709164012907,
transport_experiments.json,xor_classification/xorcls_076df5,2,4,256,relu,True,0111,"{'type': 'AdamW', 'lr': 0.0003, 'weight_decay': 0, 'betas': [0.9, 0.95]}",256,32,0.0768,0.06841015070676804,0.024611604298985526,
transport_experiments.json,xor_classification/xorcls_02a6e3,8,4,192,gelu,False,1100,"{'type': 'AdamW', 'lr': 3e-05, 'weight_decay': 0, 'betas': [0.9, 0.95]}",256,32,0.00768,0.5767286360263825,0.00846394269528198,
transport_experiments.json,xor_classification/xorcls_02a6e3,8,4,192,gelu,False,0011,"{'type': 'AdamW', 'lr': 3e-05, 'weight_decay': 0, 'betas': [0.9, 0.95]}",256,32,0.00768,0.36257797479629517,0.014554016078311886,
transport_experiments.json,xor_classification/xorcls_02a6e3,8,4,192,gelu,False,1110,"{'type': 'AdamW', 'lr': 3e-05, 'weight_decay': 0, 'betas': [0.9, 0.95]}",256,32,0.00768,0.44180152118206023,0.009596425072060646,
transport_experiments.json,xor_classification/xorcls_02a6e3,8,4,192,gelu,False,0111,"{'type': 'AdamW', 'lr': 3e-05, 'weight_decay': 0, 'betas': [0.9, 0.95]}",256,32,0.00768,0.3305412232875824,0.015278506611708653,
transport_experiments.json,xor_classification/xorcls_02a6e3,8,4,192,gelu,False,1111,"{'type': 'AdamW', 'lr': 3e-05, 'weight_decay': 0, 'betas': [0.9, 0.95]}",256,32,0.00768,0.34015480279922483,0.009395955131746106,
transport_experiments.json,xor_classification/xorcls_02a6e3,8,4,192,gelu,True,1100,"{'type': 'AdamW', 'lr': 3e-05, 'weight_decay': 0, 'betas': [0.9, 0.95]}",256,32,0.00768,0.426388144493103,0.01244502007625356,
transport_experiments.json,xor_classification/xorcls_02a6e3,8,4,192,gelu,True,0011,"{'type': 'AdamW', 'lr': 3e-05, 'weight_decay': 0, 'betas': [0.9, 0.95]}",256,32,0.00768,0.4408925503492355,0.018396700378105705,
transport_experiments.json,xor_classification/xorcls_02a6e3,8,4,192,gelu,True,1110,"{'type': 'AdamW', 'lr': 3e-05, 'weight_decay': 0, 'betas': [0.9, 0.95]}",256,32,0.00768,0.3911541372537613,0.017234412002641343,
transport_experiments.json,xor_classification/xorcls_02a6e3,8,4,192,gelu,True,0111,"{'type': 'AdamW', 'lr': 3e-05, 'weight_decay': 0, 'betas': [0.9, 0.95]}",256,32,0.00768,0.39730232357978823,0.015018687963009066,
transport_experiments.json,xor_classification/xorcls_02a6e3,8,4,192,gelu,True,1111,"{'type': 'AdamW', 'lr': 3e-05, 'weight_decay': 0, 'betas': [0.9, 0.95]}",256,32,0.00768,0.37271311283111574,0.01669191323981021,
transport_experiments.json,xor_classification/xorcls_02a6e3,8,4,192,relu,False,1110,"{'type': 'AdamW', 'lr': 3e-05, 'weight_decay': 0, 'betas': [0.9, 0.95]}",256,32,0.00768,0.5117761671543122,0.01384021454846567,
transport_experiments.json,xor_classification/xorcls_02a6e3,8,4,192,relu,False,0111,"{'type': 'AdamW', 'lr': 3e-05, 'weight_decay': 0, 'betas': [0.9, 0.95]}",256,32,0.00768,0.42783801853656767,0.01892199444964614,
transport_experiments.json,xor_classification/xorcls_02a6e3,8,4,192,relu,True,1110,"{'type': 'AdamW', 'lr': 3e-05, 'weight_decay': 0, 'betas': [0.9, 0.95]}",256,32,0.00768,0.4362724870443344,0.010768955405191603,
transport_experiments.json,xor_classification/xorcls_02a6e3,8,4,192,relu,True,0111,"{'type': 'AdamW', 'lr': 3e-05, 'weight_decay': 0, 'betas': [0.9, 0.95]}",256,32,0.00768,0.4417600393295288,0.00776148880360936,
transport_experiments.json,xor_classification/xorcls_02a6e3,8,4,256,gelu,False,1110,"{'type': 'AdamW', 'lr': 3e-05, 'weight_decay': 0, 'betas': [0.9, 0.95]}",256,32,0.00768,0.30742707252502444,0.011368589661892841,
transport_experiments.json,xor_classification/xorcls_02a6e3,8,4,256,gelu,False,0111,"{'type': 'AdamW', 'lr': 3e-05, 'weight_decay': 0, 'betas': [0.9, 0.95]}",256,32,0.00768,0.2474190264940262,0.01010085159386507,
transport_experiments.json,xor_classification/xorcls_02a6e3,8,4,256,gelu,True,1110,"{'type': 'AdamW', 'lr': 3e-05, 'weight_decay': 0, 'betas': [0.9, 0.95]}",256,32,0.00768,0.308505716919899,0.02004521783931348,
transport_experiments.json,xor_classification/xorcls_02a6e3,8,4,256,gelu,True,0111,"{'type': 'AdamW', 'lr': 3e-05, 'weight_decay': 0, 'betas': [0.9, 0.95]}",256,32,0.00768,0.3119493216276169,0.014773440780829995,
transport_experiments.json,xor_classification/xorcls_02a6e3,8,4,256,relu,False,1110,"{'type': 'AdamW', 'lr': 3e-05, 'weight_decay': 0, 'betas': [0.9, 0.95]}",256,32,0.00768,0.39397817850112915,0.016402704240787772,
transport_experiments.json,xor_classification/xorcls_02a6e3,8,4,256,relu,False,0111,"{'type': 'AdamW', 'lr': 3e-05, 'weight_decay': 0, 'betas': [0.9, 0.95]}",256,32,0.00768,0.3393059283494949,0.010070260487675908,
transport_experiments.json,xor_classification/xorcls_02a6e3,8,4,256,relu,True,1110,"{'type': 'AdamW', 'lr': 3e-05, 'weight_decay': 0, 'betas': [0.9, 0.95]}",256,32,0.00768,0.35913944244384766,0.019207239737699163,
transport_experiments.json,xor_classification/xorcls_02a6e3,8,4,256,relu,True,0111,"{'type': 'AdamW', 'lr': 3e-05, 'weight_decay': 0, 'betas': [0.9, 0.95]}",256,32,0.00768,0.3599230498075485,0.015411178394998245,
transport_experiments.json,xor_classification/xorcls_02a6e3,8,4,192,gelu,False,1100,"{'type': 'AdamW', 'lr': 0.0003, 'weight_decay': 0, 'betas': [0.9, 0.95]}",256,32,0.0768,0.18609448820352553,0.023137367112099492,
transport_experiments.json,xor_classification/xorcls_02a6e3,8,4,192,gelu,False,0011,"{'type': 'AdamW', 'lr': 0.0003, 'weight_decay': 0, 'betas': [0.9, 0.95]}",256,32,0.0768,0.17575062811374664,0.013542772239869032,
transport_experiments.json,xor_classification/xorcls_02a6e3,8,4,192,gelu,False,1110,"{'type': 'AdamW', 'lr': 0.0003, 'weight_decay': 0, 'betas': [0.9, 0.95]}",256,32,0.0768,0.21052692830562592,0.022334333041828133,
transport_experiments.json,xor_classification/xorcls_02a6e3,8,4,192,gelu,False,0111,"{'type': 'AdamW', 'lr': 0.0003, 'weight_decay': 0, 'betas': [0.9, 0.95]}",256,32,0.0768,0.19645505100488664,0.023403578357144548,
transport_experiments.json,xor_classification/xorcls_02a6e3,8,4,192,gelu,False,1111,"{'type': 'AdamW', 'lr': 0.0003, 'weight_decay': 0, 'betas': [0.9, 0.95]}",256,32,0.0768,0.2292232796549797,0.022002230720008484,
transport_experiments.json,xor_classification/xorcls_02a6e3,8,4,192,gelu,True,1100,"{'type': 'AdamW', 'lr': 0.0003, 'weight_decay': 0, 'betas': [0.9, 0.95]}",256,32,0.0768,0.17364629805088044,0.02325625049815104,
transport_experiments.json,xor_classification/xorcls_02a6e3,8,4,192,gelu,True,0011,"{'type': 'AdamW', 'lr': 0.0003, 'weight_decay': 0, 'betas': [0.9, 0.95]}",256,32,0.0768,0.1758385881781578,0.01904908864529133,
transport_experiments.json,xor_classification/xorcls_02a6e3,8,4,192,gelu,True,1110,"{'type': 'AdamW', 'lr': 0.0003, 'weight_decay': 0, 'betas': [0.9, 0.95]}",256,32,0.0768,0.18124393820762635,0.016119953476837152,
transport_experiments.json,xor_classification/xorcls_02a6e3,8,4,192,gelu,True,0111,"{'type': 'AdamW', 'lr': 0.0003, 'weight_decay': 0, 'betas': [0.9, 0.95]}",256,32,0.0768,0.1891977533698082,0.01730207169456421,
transport_experiments.json,xor_classification/xorcls_02a6e3,8,4,192,gelu,True,1111,"{'type': 'AdamW', 'lr': 0.0003, 'weight_decay': 0, 'betas': [0.9, 0.95]}",256,32,0.0768,0.201663838326931,0.009383929050089883,
transport_experiments.json,xor_classification/xorcls_02a6e3,8,4,192,relu,False,1110,"{'type': 'AdamW', 'lr': 0.0003, 'weight_decay': 0, 'betas': [0.9, 0.95]}",256,32,0.0768,0.2937027871608734,0.02437191470946992,
transport_experiments.json,xor_classification/xorcls_02a6e3,8,4,192,relu,False,0111,"{'type': 'AdamW', 'lr': 0.0003, 'weight_decay': 0, 'betas': [0.9, 0.95]}",256,32,0.0768,0.29906830489635466,0.02982820999606997,
transport_experiments.json,xor_classification/xorcls_02a6e3,8,4,192,relu,True,1110,"{'type': 'AdamW', 'lr': 0.0003, 'weight_decay': 0, 'betas': [0.9, 0.95]}",256,32,0.0768,0.24788651019334793,0.026187639266654423,
transport_experiments.json,xor_classification/xorcls_02a6e3,8,4,192,relu,True,0111,"{'type': 'AdamW', 'lr': 0.0003, 'weight_decay': 0, 'betas': [0.9, 0.95]}",256,32,0.0768,0.25106034725904464,0.0139486044166219,
transport_experiments.json,xor_classification/xorcls_02a6e3,8,4,256,gelu,False,1110,"{'type': 'AdamW', 'lr': 0.0003, 'weight_decay': 0, 'betas': [0.9, 0.95]}",256,32,0.0768,0.20411710143089296,0.03315697648102088,
transport_experiments.json,xor_classification/xorcls_02a6e3,8,4,256,gelu,False,0111,"{'type': 'AdamW', 'lr': 0.0003, 'weight_decay': 0, 'betas': [0.9, 0.95]}",256,32,0.0768,0.18831779360771178,0.015588181440184609,
transport_experiments.json,xor_classification/xorcls_02a6e3,8,4,256,gelu,True,1110,"{'type': 'AdamW', 'lr': 0.0003, 'weight_decay': 0, 'betas': [0.9, 0.95]}",256,32,0.0768,0.19806134849786758,0.02619813325572362,
transport_experiments.json,xor_classification/xorcls_02a6e3,8,4,256,gelu,True,0111,"{'type': 'AdamW', 'lr': 0.0003, 'weight_decay': 0, 'betas': [0.9, 0.95]}",256,32,0.0768,0.18332497477531434,0.020894857981862303,
transport_experiments.json,xor_classification/xorcls_02a6e3,8,4,256,relu,False,1110,"{'type': 'AdamW', 'lr': 0.0003, 'weight_decay': 0, 'betas': [0.9, 0.95]}",256,32,0.0768,0.2811319962143898,0.048330051158429546,
transport_experiments.json,xor_classification/xorcls_02a6e3,8,4,256,relu,False,0111,"{'type': 'AdamW', 'lr': 0.0003, 'weight_decay': 0, 'betas': [0.9, 0.95]}",256,32,0.0768,0.28550771027803423,0.029206279149745967,
transport_experiments.json,xor_classification/xorcls_02a6e3,8,4,256,relu,True,1110,"{'type': 'AdamW', 'lr': 0.0003, 'weight_decay': 0, 'betas': [0.9, 0.95]}",256,32,0.0768,0.24750842601060868,0.022572995107427007,
transport_experiments.json,xor_classification/xorcls_02a6e3,8,4,256,relu,True,0111,"{'type': 'AdamW', 'lr': 0.0003, 'weight_decay': 0, 'betas': [0.9, 0.95]}",256,32,0.0768,0.23699748516082764,0.029692665488326872,
adjacent_experiments.json,xor_classification/xorcls_063fc1,4,5,192,gelu,True,00110,"{'type': 'AdamW', 'lr': 3e-05, 'weight_decay': 0, 'betas': [0.9, 0.95]}",256,32,0.00768,0.188064906001091,0.010990394164717882,
adjacent_experiments.json,xor_classification/xorcls_063fc1,4,5,192,gelu,True,00011,"{'type': 'AdamW', 'lr': 3e-05, 'weight_decay': 0, 'betas': [0.9, 0.95]}",256,32,0.00768,0.20690735727548598,0.012974554480067423,
adjacent_experiments.json,xor_classification/xorcls_063fc1,4,5,192,relu,True,11011,"{'type': 'AdamW', 'lr': 3e-05, 'weight_decay': 0, 'betas': [0.9, 0.95]}",256,32,0.00768,0.18336595892906188,0.009704866176361134,
adjacent_experiments.json,xor_classification/xorcls_063fc1,4,5,192,gelu,True,11011,"{'type': 'AdamW', 'lr': 3e-05, 'weight_decay': 0, 'betas': [0.9, 0.95]}",256,32,0.00768,0.16029983758926392,0.007336279361970494,
adjacent_experiments.json,xor_classification/xorcls_063fc1,4,5,256,relu,True,11011,"{'type': 'AdamW', 'lr': 3e-05, 'weight_decay': 0, 'betas': [0.9, 0.95]}",256,32,0.00768,0.140386401116848,0.00981888315195898,
adjacent_experiments.json,xor_classification/xorcls_063fc1,4,5,256,gelu,True,11011,"{'type': 'AdamW', 'lr': 3e-05, 'weight_decay': 0, 'betas': [0.9, 0.95]}",256,32,0.00768,0.12215144634246826,0.00876152590437994,
adjacent_experiments.json,xor_classification/xorcls_063fc1,4,5,192,relu,False,11011,"{'type': 'AdamW', 'lr': 3e-05, 'weight_decay': 0, 'betas': [0.9, 0.95]}",256,32,0.00768,0.15275584012269974,0.00988541034376476,
adjacent_experiments.json,xor_classification/xorcls_063fc1,4,4,256,gelu,False,0111,"{'type': 'AdamW', 'lr': 3e-05, 'weight_decay': 0, 'betas': [0.9, 0.95]}",256,32,0.00768,0.1240328423678875,0.006523938476569522,
adjacent_experiments.json,xor_classification/xorcls_063fc1,4,4,192,gelu,False,0111,"{'type': 'AdamW', 'lr': 3e-05, 'weight_decay': 0, 'betas': [0.9, 0.95]}",256,32,0.00768,0.16878436207771302,0.004640503857290794,
adjacent_experiments.json,xor_classification/xorcls_063fc1,4,4,256,relu,False,0111,"{'type': 'AdamW', 'lr': 3e-05, 'weight_decay': 0, 'betas': [0.9, 0.95]}",256,32,0.00768,0.14710903018712998,0.01047061844667084,
adjacent_experiments.json,xor_classification/xorcls_063fc1,4,5,256,gelu,False,00111,"{'type': 'AdamW', 'lr': 3e-05, 'weight_decay': 0, 'betas': [0.9, 0.95]}",256,32,0.00768,0.11451019644737244,0.010229872604803153,
adjacent_experiments.json,xor_classification/xorcls_063fc1,4,5,192,relu,True,00111,"{'type': 'AdamW', 'lr': 3e-05, 'weight_decay': 0, 'betas': [0.9, 0.95]}",256,32,0.00768,0.19359980523586273,0.012651075065134866,
adjacent_experiments.json,xor_classification/xorcls_063fc1,4,5,192,gelu,True,00110,"{'type': 'AdamW', 'lr': 0.0003, 'weight_decay': 0, 'betas': [0.9, 0.95]}",256,32,0.0768,0.11430224999785424,0.03651985532268491,
adjacent_experiments.json,xor_classification/xorcls_063fc1,4,5,192,gelu,True,00011,"{'type': 'AdamW', 'lr': 0.0003, 'weight_decay': 0, 'betas': [0.9, 0.95]}",256,32,0.0768,0.11313315853476524,0.02896529214049301,
adjacent_experiments.json,xor_classification/xorcls_063fc1,4,5,192,relu,True,11011,"{'type': 'AdamW', 'lr': 0.0003, 'weight_decay': 0, 'betas': [0.9, 0.95]}",256,32,0.0768,0.1381381370127201,0.048114950431574134,
adjacent_experiments.json,xor_classification/xorcls_063fc1,4,5,192,gelu,True,11011,"{'type': 'AdamW', 'lr': 0.0003, 'weight_decay': 0, 'betas': [0.9, 0.95]}",256,32,0.0768,0.1213858224451542,0.033056745427212784,
adjacent_experiments.json,xor_classification/xorcls_063fc1,4,5,256,relu,True,11011,"{'type': 'AdamW', 'lr': 0.0003, 'weight_decay': 0, 'betas': [0.9, 0.95]}",256,32,0.0768,0.1430346980690956,0.03881838179328656,
adjacent_experiments.json,xor_classification/xorcls_063fc1,4,5,256,gelu,True,11011,"{'type': 'AdamW', 'lr': 0.0003, 'weight_decay': 0, 'betas': [0.9, 0.95]}",256,32,0.0768,0.1300574891269207,0.044713308196530334,
adjacent_experiments.json,xor_classification/xorcls_063fc1,4,5,192,relu,False,11011,"{'type': 'AdamW', 'lr': 0.0003, 'weight_decay': 0, 'betas': [0.9, 0.95]}",256,32,0.0768,0.16300902664661407,0.04559631172337614,
adjacent_experiments.json,xor_classification/xorcls_063fc1,4,4,256,gelu,False,0111,"{'type': 'AdamW', 'lr': 0.0003, 'weight_decay': 0, 'betas': [0.9, 0.95]}",256,32,0.0768,0.13488049879670144,0.037074585322878786,
adjacent_experiments.json,xor_classification/xorcls_063fc1,4,4,192,gelu,False,0111,"{'type': 'AdamW', 'lr': 0.0003, 'weight_decay': 0, 'betas': [0.9, 0.95]}",256,32,0.0768,0.12366308346390724,0.034600906886660676,
adjacent_experiments.json,xor_classification/xorcls_063fc1,4,4,256,relu,False,0111,"{'type': 'AdamW', 'lr': 0.0003, 'weight_decay': 0, 'betas': [0.9, 0.95]}",256,32,0.0768,0.16861725375056266,0.040489551781146244,
adjacent_experiments.json,xor_classification/xorcls_063fc1,4,5,256,gelu,False,00111,"{'type': 'AdamW', 'lr': 0.0003, 'weight_decay': 0, 'betas': [0.9, 0.95]}",256,32,0.0768,0.12317072227597237,0.030549103625914217,
adjacent_experiments.json,xor_classification/xorcls_063fc1,4,5,192,relu,True,00111,"{'type': 'AdamW', 'lr': 0.0003, 'weight_decay': 0, 'betas': [0.9, 0.95]}",256,32,0.0768,0.1424170218408108,0.033288859270620114,
calibration_experiments.json,xor_classification/xorcls_063fc1,4,4,192,gelu,False,0111,"{'type': 'SGD', 'lr': 0.003, 'weight_decay': 0, 'momentum': 0}",256,32,0.00768,0.22563675940036773,0.014623508987585339,
calibration_experiments.json,xor_classification/xorcls_063fc1,4,4,192,gelu,True,0111,"{'type': 'SGD', 'lr': 0.003, 'weight_decay': 0, 'momentum': 0}",256,32,0.00768,0.23205968141555786,0.014240113211615757,
calibration_experiments.json,xor_classification/xorcls_063fc1,4,4,192,gelu,False,0111,"{'type': 'SGD', 'lr': 0.03, 'weight_decay': 0, 'momentum': 0}",256,32,0.0768,0.14736144468188286,0.043874824595139014,
calibration_experiments.json,xor_classification/xorcls_063fc1,4,4,192,gelu,True,0111,"{'type': 'SGD', 'lr': 0.03, 'weight_decay': 0, 'momentum': 0}",256,32,0.0768,0.11759103387594223,0.023712382250348232,
calibration_experiments.json,xor_classification/xorcls_063fc1,4,4,192,gelu,False,0111,"{'type': 'SGD', 'lr': 0.0003, 'weight_decay': 0, 'momentum': 0.9}",256,32,0.007680000000000001,0.23960146307945251,0.01653849472239866,
calibration_experiments.json,xor_classification/xorcls_063fc1,4,4,192,gelu,True,0111,"{'type': 'SGD', 'lr': 0.0003, 'weight_decay': 0, 'momentum': 0.9}",256,32,0.007680000000000001,0.2383672595024109,0.01509725522789321,
calibration_experiments.json,xor_classification/xorcls_063fc1,4,4,192,gelu,False,0111,"{'type': 'SGD', 'lr': 0.003, 'weight_decay': 0, 'momentum': 0.9}",256,32,0.07680000000000002,0.13903264701366425,0.03997951587763541,
calibration_experiments.json,xor_classification/xorcls_063fc1,4,4,192,gelu,True,0111,"{'type': 'SGD', 'lr': 0.003, 'weight_decay': 0, 'momentum': 0.9}",256,32,0.07680000000000002,0.12238213941454887,0.03488673217312724,
calibration_experiments.json,xor_classification/xorcls_063fc1,4,4,192,gelu,False,0111,"{'type': 'Adagrad', 'lr': 0.00024, 'weight_decay': 0}",256,32,0.00768,0.17202964574098586,0.0037885937325583775,
calibration_experiments.json,xor_classification/xorcls_063fc1,4,4,192,gelu,True,0111,"{'type': 'Adagrad', 'lr': 0.00024, 'weight_decay': 0}",256,32,0.00768,0.2138181746006012,0.009055262689287543,
calibration_experiments.json,xor_classification/xorcls_063fc1,4,4,192,gelu,False,0111,"{'type': 'Adagrad', 'lr': 0.0024, 'weight_decay': 0}",256,32,0.0768,0.08468420058488846,0.018391001828859836,
calibration_experiments.json,xor_classification/xorcls_063fc1,4,4,192,gelu,True,0111,"{'type': 'Adagrad', 'lr': 0.0024, 'weight_decay': 0}",256,32,0.0768,0.07854520343244076,0.009831510325769795,
budget_experiments.json,xor_classification/xorcls_063fc1,4,4,256,gelu,False,0111,"{'type': 'AdamW', 'lr': 3e-05, 'weight_decay': 0, 'betas': [0.9, 0.95]}",256,16,0.00768,0.15755107253789902,0.0050651782455697816,
budget_experiments.json,xor_classification/xorcls_063fc1,4,5,192,relu,True,11011,"{'type': 'AdamW', 'lr': 3e-05, 'weight_decay': 0, 'betas': [0.9, 0.95]}",256,16,0.00768,0.22624880820512772,0.011965313809386594,
budget_experiments.json,xor_classification/xorcls_063fc1,4,4,256,gelu,False,0111,"{'type': 'AdamW', 'lr': 3e-05, 'weight_decay': 0, 'betas': [0.9, 0.95]}",512,16,0.01536,0.0988626427948475,0.007080131015865499,
budget_experiments.json,xor_classification/xorcls_063fc1,4,5,192,relu,True,11011,"{'type': 'AdamW', 'lr': 3e-05, 'weight_decay': 0, 'betas': [0.9, 0.95]}",512,16,0.01536,0.1393696278333664,0.005998935298581687,
budget_experiments.json,xor_classification/xorcls_063fc1,4,4,256,gelu,False,0111,"{'type': 'AdamW', 'lr': 1.5e-05, 'weight_decay': 0, 'betas': [0.9, 0.95]}",512,32,0.00768,0.11663826555013657,0.0048712949946005,
budget_experiments.json,xor_classification/xorcls_063fc1,4,5,192,relu,True,11011,"{'type': 'AdamW', 'lr': 1.5e-05, 'weight_decay': 0, 'betas': [0.9, 0.95]}",512,32,0.00768,0.17900933623313903,0.008717015032585337,
budget_experiments.json,xor_classification/xorcls_063fc1,4,4,256,gelu,False,0111,"{'type': 'AdamW', 'lr': 0.00015, 'weight_decay': 0, 'betas': [0.9, 0.95]}",512,32,0.0768,0.09244775399565697,0.019761777704683896,
budget_experiments.json,xor_classification/xorcls_063fc1,4,5,192,relu,True,11011,"{'type': 'AdamW', 'lr': 0.00015, 'weight_decay': 0, 'betas': [0.9, 0.95]}",512,32,0.0768,0.13132336884737014,0.03262155013916765,
replication_experiments.json,xor_classification/xorcls_fd5734,4,5,192,gelu,True,00110,"{'type': 'AdamW', 'lr': 3e-05, 'weight_decay': 0, 'betas': [0.9, 0.95]}",256,32,0.00768,0.17920840829610823,0.014170157122810762,
replication_experiments.json,xor_classification/xorcls_fd5734,4,5,192,gelu,True,00011,"{'type': 'AdamW', 'lr': 3e-05, 'weight_decay': 0, 'betas': [0.9, 0.95]}",256,32,0.00768,0.19658052921295166,0.012349838700006487,
replication_experiments.json,xor_classification/xorcls_fd5734,4,5,192,relu,True,11011,"{'type': 'AdamW', 'lr': 3e-05, 'weight_decay': 0, 'betas': [0.9, 0.95]}",256,32,0.00768,0.17442977130413057,0.008471157733973564,
replication_experiments.json,xor_classification/xorcls_fd5734,4,5,192,gelu,True,11011,"{'type': 'AdamW', 'lr': 3e-05, 'weight_decay': 0, 'betas': [0.9, 0.95]}",256,32,0.00768,0.15005329698324205,0.008312121726393893,
replication_experiments.json,xor_classification/xorcls_fd5734,4,5,256,relu,True,11011,"{'type': 'AdamW', 'lr': 3e-05, 'weight_decay': 0, 'betas': [0.9, 0.95]}",256,32,0.00768,0.13733953461050988,0.008877959432407316,
replication_experiments.json,xor_classification/xorcls_fd5734,4,5,256,gelu,True,11011,"{'type': 'AdamW', 'lr': 3e-05, 'weight_decay': 0, 'betas': [0.9, 0.95]}",256,32,0.00768,0.11650271713733673,0.007482342711083585,
replication_experiments.json,xor_classification/xorcls_fd5734,4,5,192,relu,False,11011,"{'type': 'AdamW', 'lr': 3e-05, 'weight_decay': 0, 'betas': [0.9, 0.95]}",256,32,0.00768,0.1527770444750786,0.009700548654715216,
replication_experiments.json,xor_classification/xorcls_fd5734,4,4,256,gelu,False,0111,"{'type': 'AdamW', 'lr': 3e-05, 'weight_decay': 0, 'betas': [0.9, 0.95]}",256,32,0.00768,0.11309617459774017,0.006984660311610837,
replication_experiments.json,xor_classification/xorcls_fd5734,4,4,192,gelu,False,0111,"{'type': 'AdamW', 'lr': 3e-05, 'weight_decay': 0, 'betas': [0.9, 0.95]}",256,32,0.00768,0.1562330409884453,0.00674510486859796,
replication_experiments.json,xor_classification/xorcls_fd5734,4,4,256,relu,False,0111,"{'type': 'AdamW', 'lr': 3e-05, 'weight_decay': 0, 'betas': [0.9, 0.95]}",256,32,0.00768,0.1397575244307518,0.008480469724482942,
replication_experiments.json,xor_classification/xorcls_fd5734,4,5,256,gelu,False,00111,"{'type': 'AdamW', 'lr': 3e-05, 'weight_decay': 0, 'betas': [0.9, 0.95]}",256,32,0.00768,0.10455670207738876,0.007943448407360675,
replication_experiments.json,xor_classification/xorcls_fd5734,4,5,192,relu,True,00111,"{'type': 'AdamW', 'lr': 3e-05, 'weight_decay': 0, 'betas': [0.9, 0.95]}",256,32,0.00768,0.1866964429616928,0.010251675389822036,
