dataset,steps,set_id,low_lr,high_lr,high_minus_low,high_over_low,high_wins,sd_low,sd_high,paired_ci
sym_0c2620,256,exp:9188999e597c,0.0001,0.0003,-0.010007458925247237,0.9815513585692537,True,0.006520440173340948,0.013335640369475587,
sym_0c2620,256,exp:9188999e597c,0.0001,0.001,-0.058204606175422724,0.892700443042623,True,0.006520440173340948,0.03905536019302266,
sym_0c2620,256,exp:9188999e597c,0.0001,0.003,-0.19997400641441349,0.6313500992243006,True,0.006520440173340948,0.03373734564455545,
sym_0c2620,256,exp:9188999e597c,0.0003,0.001,-0.04819714725017549,0.9094790967880243,True,0.013335640369475587,0.03905536019302266,
sym_0c2620,256,exp:9188999e597c,0.0003,0.003,-0.18996654748916625,0.6432165711069673,True,0.013335640369475587,0.03373734564455545,
sym_0c2620,256,exp:9188999e597c,0.001,0.003,-0.14176940023899076,0.7072362337722691,True,0.03905536019302266,0.03373734564455545,
sym_0c2620,1024,exp:9188999e597c,0.0001,0.0003,-0.18895084261894224,0.6198201702254661,True,0.012619445349476389,0.017737080681287147,
sym_0c2620,1024,exp:9188999e597c,0.0001,0.001,-0.22367311716079707,0.5499569812513427,True,0.012619445349476389,0.01524787879280069,
sym_0c2620,1024,exp:9188999e597c,0.0001,0.003,-0.2606209173798561,0.4756159081810649,True,0.012619445349476389,0.03895955924577983,
sym_0c2620,1024,exp:9188999e597c,0.0003,0.001,-0.034722274541854836,0.8872847443013836,True,0.017737080681287147,0.01524787879280069,
sym_0c2620,1024,exp:9188999e597c,0.0003,0.003,-0.07167007476091386,0.7673449994504933,True,0.017737080681287147,0.03895955924577983,
sym_0c2620,1024,exp:9188999e597c,0.001,0.003,-0.036947800219059024,0.8648238396735576,True,0.01524787879280069,0.03895955924577983,
sym_0c2620,2048,exp:34aa6df219ff,0.0001,0.0003,-0.07636629939079281,0.783749171271828,True,0.027433691288464224,0.010389624851334541,
sym_0c2620,2048,exp:34aa6df219ff,0.0001,0.003,-0.33735519903711975,0.044691939382750165,True,0.027433691288464224,0.010923854122893463,
sym_0c2620,2048,exp:34aa6df219ff,0.0003,0.003,-0.26098889964632693,0.057023268439603425,True,0.010389624851334541,0.010923854122893463,
mvar_000e80,256,exp:b1ebf9ecda47,0.0001,0.001,-0.7638129770755768,0.45902164250259814,True,0.1787726668803168,0.03491701975394686,
mvar_000e80,256,exp:46dafe43cf05,0.0003,0.003,-0.08159810304641724,0.895242936642771,True,0.2058458136585985,0.06545850782030824,
mvar_000e80,1024,exp:b1ebf9ecda47,0.0001,0.0003,0.01824443340301507,1.0291819559940227,False,0.016346872096201795,0.02713567329899404,
mvar_000e80,1024,exp:b1ebf9ecda47,0.0001,0.001,0.04326207041740415,1.069197645508814,False,0.016346872096201795,0.0298489982215307,
mvar_000e80,1024,exp:b1ebf9ecda47,0.0001,0.003,0.06796737909317008,1.1087137661067714,False,0.016346872096201795,0.07308700074505653,
mvar_000e80,1024,exp:b1ebf9ecda47,0.0003,0.001,0.025017637014389082,1.0388810640156847,False,0.02713567329899404,0.0298489982215307,
mvar_000e80,1024,exp:b1ebf9ecda47,0.0003,0.003,0.04972294569015501,1.0772767241492627,False,0.02713567329899404,0.07308700074505653,
mvar_000e80,1024,exp:b1ebf9ecda47,0.001,0.003,0.024705308675765925,1.036958667804728,False,0.0298489982215307,0.07308700074505653,
mvar_000e80,2048,exp:b1ebf9ecda47,0.0001,0.001,0.019007217884063787,1.029695116435517,False,0.02190496068972619,0.03358442740530952,
mvar_000e80,2048,exp:46dafe43cf05,0.0003,0.003,0.05329328179359438,1.0817978122104304,False,0.02805587726554451,0.04936562122263214,
mvar_5a829e,256,exp:72201b637132,0.0001,0.0003,-0.0005763775960076601,0.5779029428562776,True,0.00020348305187646405,0.0001597991608413582,
mvar_5a829e,256,exp:72201b637132,0.0001,0.003,-0.0003328873368445785,0.7562175105073997,True,0.00020348305187646405,0.0002709126523075222,
mvar_5a829e,256,exp:72201b637132,0.0003,0.003,0.00024349025916308158,1.308554524345913,False,0.0001597991608413582,0.0002709126523075222,
mvar_5a829e,1024,exp:72201b637132,0.0001,0.0003,0.0011458264314569532,3.2192441846713824,False,8.026297488362714e-05,0.0028054313132716575,
mvar_5a829e,1024,exp:72201b637132,0.0001,0.001,0.001710365538019687,4.312647247180498,False,8.026297488362714e-05,0.0037611451876029866,
mvar_5a829e,1024,exp:72201b637132,0.0001,0.003,0.0015205963980406522,3.945101126086866,False,8.026297488362714e-05,0.0011144325486059355,
mvar_5a829e,1024,exp:72201b637132,0.0003,0.001,0.0005645391065627337,1.3396458919504828,False,0.0028054313132716575,0.0037611451876029866,
mvar_5a829e,1024,exp:72201b637132,0.0003,0.003,0.000374769966583699,1.225474334898761,False,0.0028054313132716575,0.0011144325486059355,
mvar_5a829e,1024,exp:72201b637132,0.001,0.003,-0.00018976913997903466,0.9147748239010447,True,0.0037611451876029866,0.0011144325486059355,
mvar_5a829e,2048,exp:72201b637132,0.0001,0.0003,0.00017700809694360937,1.284599030930296,False,0.0003416251318685588,0.00019905261350730693,
mvar_5a829e,2048,exp:72201b637132,0.0001,0.003,0.0012501655583037063,3.0100544129855,False,0.0003416251318685588,0.0006492408097637763,
mvar_5a829e,2048,exp:72201b637132,0.0003,0.003,0.001073157461360097,2.343185959595224,False,0.00019905261350730693,0.0006492408097637763,
