set,dataset,contrast,a_mean,b_mean,difference,ratio,pooled_sd_effect,protocol_n,finite_seeds,failed_seeds,paired_covariance
exp:84c99dbb5600,mvar_0eb811,gold-low,0.17411380037665367,0.4104915112257004,-0.2363777108490467,0.42415932026648107,-4.4973786789657,10,,,
exp:84c99dbb5600,mvar_0eb811,gold-adagrad,0.17411380037665367,0.24313155114650725,-0.06901775076985359,0.7161300109163349,-1.168647173504556,10,,,
exp:84c99dbb5600,mvar_0eb811,rate999,0.18657234013080598,0.4104915112257004,-0.2239191710948944,0.4545096184174756,-4.079323574914858,10,,,
exp:84c99dbb5600,mvar_0eb811,rate95,0.16324773505330087,0.44320141673088076,-0.2799536816775799,0.3683375749505503,-5.202199736898708,10,,,
exp:84c99dbb5600,mvar_0eb811,beta-high,0.16324773505330087,0.18657234013080598,-0.02332460507750511,0.8749835851276121,-0.33102530930089746,10,,,
exp:84c99dbb5600,mvar_0eb811,beta-low,0.44320141673088076,0.4104915112257004,0.03270990550518038,1.0796847306476833,1.0645056672590083,10,,,
exp:84c99dbb5600,mvar_0eb811,decay-high95,0.17411380037665367,0.16324773505330087,0.010866065323352797,1.0665618136741988,0.15825812940621198,10,,,
exp:dfcd5d3d248c,mvar_133302,gold-low,0.05149256847798824,0.2983633816242218,-0.24687081314623358,0.1725834055026274,-11.95261320891738,10,,,
exp:dfcd5d3d248c,mvar_133302,gold-adagrad,0.05149256847798824,0.23414351642131806,-0.1826509479433298,0.21991883125788744,-6.270261991902176,10,,,
exp:dfcd5d3d248c,mvar_133302,rate999,0.06490504406392575,0.2983633816242218,-0.23345833756029608,0.21753689648708757,-8.073070553324287,10,,,
exp:dfcd5d3d248c,mvar_133302,rate95,0.05357495211064815,0.31691890954971313,-0.26334395743906497,0.1690494019014797,-16.515743347571817,10,,,
exp:dfcd5d3d248c,mvar_133302,beta-high,0.05357495211064815,0.06490504406392575,-0.011330091953277596,0.8254358791880881,-0.37969150041395255,10,,,
exp:dfcd5d3d248c,mvar_133302,beta-low,0.31691890954971313,0.2983633816242218,0.01855552792549131,1.0621910363948794,1.3118679018189132,10,,,
exp:dfcd5d3d248c,mvar_133302,decay-high95,0.05149256847798824,0.05357495211064815,-0.0020823836326599107,0.9611313953513356,-0.09497082894325831,10,,,
