source,sample,epsilon_r,gate_top_nm,gate_bottom_nm,n_1e12_cm2,D_V_nm,external_U_meV,internal_U_meV,sampled_indirect_gap_meV,layer_polarization_nm2,fixed_U_compressibility_nm2_per_meV,sigma_xx_e2_over_h,prediction_linear_meV,prediction_log_meV,error_linear_meV,error_log_meV,response_pair_passed
atlas,ab-lattice-sample-000,3.0,10.0,30.0,-0.2,0.0,0.0,0.6309099739166877,-0.11717038045540823,0.00037870076600654556,0.0003204447971349527,15.158263185062339,,,,,True
atlas,ab-lattice-sample-000,3.0,10.0,30.0,-0.2,0.1,11.166666666666666,7.65438307750295,6.669489462127425,0.0045142437151071135,0.0003686061702399267,13.101065547043085,,,,,True
atlas,ab-lattice-sample-000,3.0,10.0,30.0,-0.2,0.3,33.5,22.211664823610306,20.621381601529258,0.012275936435166557,0.0005255026925177464,9.365742585050452,,,,,True
atlas,ab-lattice-sample-000,3.0,10.0,30.0,0.0,0.0,0.0,4.979483492206782e-11,-0.7272506264583749,3.552713678800501e-14,0.0002568171380384929,7.512263490899439,,,,,True
atlas,ab-lattice-sample-000,3.0,10.0,30.0,0.0,0.1,11.166666666666666,6.399948706512903,5.45969873457761,0.004757915977492644,0.00014069443047107807,2.2131357437887456,,,,,True
atlas,ab-lattice-sample-000,3.0,10.0,30.0,0.0,0.3,33.5,20.47766005933684,18.96851060306988,0.012998293535773087,5.5900908983760495e-06,0.046767441051141154,,,,,True
atlas,ab-lattice-sample-000,3.0,10.0,30.0,0.2,0.0,0.0,-0.6347055001541761,-0.11349766051364579,-0.0003749122443892361,0.00024878728089747557,15.747071653287144,,,,,True
atlas,ab-lattice-sample-000,3.0,10.0,30.0,0.2,0.1,11.166666666666666,6.405705851951293,5.46525626972344,0.003743723729733972,0.0002719016705923097,14.253466062422842,,,,,True
atlas,ab-lattice-sample-000,3.0,10.0,30.0,0.2,0.3,33.5,20.930907510674853,19.40077111620736,0.011537437300944475,0.0003899372401209541,9.749949420234149,,,,,True
atlas,ab-lattice-sample-001,3.0,20.0,30.0,-0.2,0.0,0.0,0.25219255138953683,-0.483887382768856,0.0001513956991701093,0.00032010741041915214,15.188563970942553,,,,,True
atlas,ab-lattice-sample-001,3.0,20.0,30.0,-0.2,0.1,11.166666666666666,7.2646586006395095,6.29374676997357,0.0042909330914824295,0.00036453034069766074,13.235930910272398,,,,,True
atlas,ab-lattice-sample-001,3.0,20.0,30.0,-0.2,0.3,33.5,21.7943015780007,20.223774032428032,0.012067078493835481,0.0005215661226826943,9.437247952282581,,,,,True
atlas,ab-lattice-sample-001,3.0,20.0,30.0,0.0,0.0,0.0,2.1714186004828662e-11,-0.7272506264583729,1.4210854715202004e-14,0.0002568171380384929,7.51226349089944,,,,,True
atlas,ab-lattice-sample-001,3.0,20.0,30.0,0.0,0.1,11.166666666666666,6.3951849938737215,5.455100310652382,0.004754639610190736,0.00014080876988135615,2.2158173251265882,,,,,True
atlas,ab-lattice-sample-001,3.0,20.0,30.0,0.0,0.3,33.5,20.463198770443576,18.954710316129557,0.012990784781315767,5.610573447684437e-06,0.04695554222238817,,,,,True
atlas,ab-lattice-sample-001,3.0,20.0,30.0,0.2,0.0,0.0,-0.25371363603409564,-0.48240928802384453,-0.00014987998308413353,0.0002485716181493758,15.769372146117288,,,,,True
atlas,ab-lattice-sample-001,3.0,20.0,30.0,0.2,0.1,11.166666666666666,6.786782960244754,5.832884277816242,0.003961725803513616,0.0002744430598258528,14.117491606865173,,,,,True
atlas,ab-lattice-sample-001,3.0,20.0,30.0,0.2,0.3,33.5,21.32099668516151,19.772690218086325,0.011733316591815424,0.0003930890756116474,9.661847176047855,,,,,True
atlas,ab-lattice-sample-002,3.0,40.0,30.0,-0.2,0.0,0.0,-0.18000634974507326,-0.5537851907850889,-0.00010806225124326829,0.0003200758905066961,15.191842508462054,,,,,True
atlas,ab-lattice-sample-002,3.0,40.0,30.0,-0.2,0.1,11.166666666666666,6.820511492646299,5.865407868690932,0.004035395910698014,0.00035999705166872955,13.390346672790098,,,,,True
atlas,ab-lattice-sample-002,3.0,40.0,30.0,-0.2,0.3,33.5,21.31844586208472,19.770258298647523,0.011828119876454934,0.0005170216663963461,9.520861241924484,,,,,True
atlas,ab-lattice-sample-002,3.0,40.0,30.0,0.0,0.0,0.0,-1.0231815394945443e-11,-0.7272506264583711,0.0,0.0002568171380384929,7.512263490899438,,,,,True
atlas,ab-lattice-sample-002,3.0,40.0,30.0,0.0,0.1,11.166666666666666,6.389749109533041,5.449853173476251,0.004750900381694123,0.00014093928836281515,2.218880757471077,,,,,True
atlas,ab-lattice-sample-002,3.0,40.0,30.0,0.0,0.3,33.5,20.446693018506345,18.93895817064257,0.012982212978080554,5.634041884546527e-06,0.04717116489183209,,,,,True
atlas,ab-lattice-sample-002,3.0,40.0,30.0,0.2,0.0,0.0,0.18109351386381725,-0.5527275129446765,0.00010698100833650415,0.00024855147661624583,15.771693733840655,,,,,True
atlas,ab-lattice-sample-002,3.0,40.0,30.0,0.2,0.1,11.166666666666666,7.222276652404897,6.252886349913401,0.004209995354855778,0.0002774496379955312,13.960613043875195,,,,,True
atlas,ab-lattice-sample-002,3.0,40.0,30.0,0.2,0.3,33.5,21.766762798925733,20.197539224167066,0.011956421084676094,0.00039667225420433536,9.563110487914004,,,,,True
atlas,ab-lattice-sample-003,3.0,60.0,30.0,-0.2,0.0,0.0,-0.4198541723587482,-0.3215529581917745,-0.00025203569721554686,0.0003202211799695252,15.177699656168103,,,,,True
atlas,ab-lattice-sample-003,3.0,60.0,30.0,-0.2,0.1,11.166666666666666,6.574335135506578,5.627939110654139,0.0038932868168899404,0.0003575420150111256,13.47609970877258,,,,,True
atlas,ab-lattice-sample-003,3.0,60.0,30.0,-0.2,0.3,33.5,21.054605383685992,19.518731929175807,0.01169524148091483,0.0005144762219726917,9.568200672471903,,,,,True
atlas,ab-lattice-sample-003,3.0,60.0,30.0,0.0,0.0,0.0,-2.7853275241795927e-11,-0.727250626458376,-2.1316282072803006e-14,0.0002568171380384929,7.512263490899445,,,,,True
atlas,ab-lattice-sample-003,3.0,60.0,30.0,0.0,0.1,11.166666666666666,6.386733019163906,5.446941871681649,0.004748825421387437,0.0001410117271635344,2.220582095136795,,,,,True
atlas,ab-lattice-sample-003,3.0,60.0,30.0,0.0,0.3,33.5,20.43753302137102,18.930216596840147,0.012977455297857432,5.647107486355294e-06,0.04729125515775906,,,,,True
atlas,ab-lattice-sample-003,3.0,60.0,30.0,0.2,0.0,0.0,0.4223899665941729,-0.319095124292872,0.0002495164046649734,0.00024864433087530655,15.761508521656907,,,,,True
atlas,ab-lattice-sample-003,3.0,60.0,30.0,0.2,0.1,11.166666666666666,7.464212960168927,6.486155485155728,0.00434751523333432,0.0002791634365663173,13.87298269209953,,,,,True
atlas,ab-lattice-sample-003,3.0,60.0,30.0,0.2,0.3,33.5,22.014385674464435,20.43347662468582,0.012080022362724208,0.00039865406250063213,9.509139592658084,,,,,True
atlas,ab-lattice-sample-004,4.0,10.0,30.0,-0.2,0.0,0.0,0.5222012734849621,-0.22244395968318825,0.00031346306534629775,0.00032031844924663413,15.169028463778627,,,,,True
atlas,ab-lattice-sample-004,4.0,10.0,30.0,-0.2,0.1,8.375,6.31856995272698,5.381159048361466,0.0037452893949918575,0.0003550392928477287,13.56519601882435,,,,,True
atlas,ab-lattice-sample-004,4.0,10.0,30.0,-0.2,0.3,25.125,18.192218534960677,16.78608116465346,0.010235085383527576,0.00048569900753852983,10.129887093680837,,,,,True
atlas,ab-lattice-sample-004,4.0,10.0,30.0,0.0,0.0,0.0,4.1154635255225e-11,-0.727250626458372,2.842170943040401e-14,0.0002568171380384929,7.5122634908994455,,,,,True
atlas,ab-lattice-sample-004,4.0,10.0,30.0,0.0,0.1,8.375,5.3505758837302855,4.446844090895592,0.004025119154839274,0.000166568517894734,2.875594685124974,,,,,True
atlas,ab-lattice-sample-004,4.0,10.0,30.0,0.0,0.3,25.125,16.818337857910464,15.472068521284708,0.011055097967542338,1.3976532409161359e-05,0.12936382584824388,,,,,True
atlas,ab-lattice-sample-004,4.0,10.0,30.0,0.2,0.0,0.0,-0.5248003052272787,-0.2199268236173086,-0.00031000408714731975,0.00024870613826335596,15.755151038902572,,,,,True
atlas,ab-lattice-sample-004,4.0,10.0,30.0,0.2,0.1,8.375,5.287749901659185,4.386165662662116,0.003100286716076539,0.0002649991777560277,14.640913090128427,,,,,True
atlas,ab-lattice-sample-004,4.0,10.0,30.0,0.2,0.3,25.125,17.149515188485985,15.788952291870565,0.009605897841055366,0.00035867539017075863,10.6925625939384,,,,,True
atlas,ab-lattice-sample-005,4.0,20.0,30.0,-0.2,0.0,0.0,0.208765511211806,-0.5259636101115502,0.00012532657815000903,0.0003200871872584651,15.190644021602187,,,,,True
atlas,ab-lattice-sample-005,4.0,20.0,30.0,-0.2,0.1,8.375,5.998813216337412,5.072614061224279,0.0035597640447306844,0.00035198484161831476,13.676419359806387,,,,,True
atlas,ab-lattice-sample-005,4.0,20.0,30.0,-0.2,0.3,25.125,17.855591288011176,16.46426297351903,0.010061030918052438,0.00048217873409835577,10.202108955190186,,,,,True
atlas,ab-lattice-sample-005,4.0,20.0,30.0,0.0,0.0,0.0,1.750777300912887e-11,-0.7272506264583743,1.4210854715202004e-14,0.0002568171380384929,7.512263490899442,,,,,True
atlas,ab-lattice-sample-005,4.0,20.0,30.0,0.0,0.1,8.375,5.347244680514869,4.443629851128958,0.004022757530329102,0.0001666520824438562,2.8779360278449624,,,,,True
atlas,ab-lattice-sample-005,4.0,20.0,30.0,0.0,0.3,25.125,16.808383670771057,15.462541293209433,0.01104968117775229,1.4010980061190736e-05,0.1297227477391017,,,,,True
atlas,ab-lattice-sample-005,4.0,20.0,30.0,0.2,0.0,0.0,-0.2098068579673349,-0.5249579872268417,-0.0001239430165114186,0.0002485586366671987,15.770855948772844,,,,,True
atlas,ab-lattice-sample-005,4.0,20.0,30.0,0.2,0.1,8.375,5.601928822249638,4.689507299221367,0.003281679220606293,0.00026684889546795383,14.534205657854487,,,,,True
atlas,ab-lattice-sample-005,4.0,20.0,30.0,0.2,0.3,25.125,17.46779703833771,16.093418731340666,0.009770868682387857,0.0003613499873197221,10.606677775988702,,,,,True
atlas,ab-lattice-sample-006,4.0,40.0,30.0,-0.2,0.0,0.0,-0.1490284789287694,-0.5838413857853235,-8.946580147295435e-05,0.0003200655910629449,15.192967534314143,,,,,True
atlas,ab-lattice-sample-006,4.0,40.0,30.0,-0.2,0.1,8.375,5.634127218937554,4.720578398959002,0.0033475048497635385,0.00034861136245251145,13.802757887050078,,,,,True
atlas,ab-lattice-sample-006,4.0,40.0,30.0,-0.2,0.3,25.125,17.471604012035506,16.0970594607916,0.0098618614684014,0.00047812982849615134,10.286176489232368,,,,,True
atlas,ab-lattice-sample-006,4.0,40.0,30.0,0.0,0.0,0.0,-9.777068044058979e-12,-0.7272506264583654,-7.105427357601002e-15,0.0002568171380384929,7.512263490899439,,,,,True
atlas,ab-lattice-sample-006,4.0,40.0,30.0,0.0,0.1,8.375,5.3434425082800505,4.439961262543139,0.004020061744206771,0.00016674746582680798,2.88061029443629,,,,,True
atlas,ab-lattice-sample-006,4.0,40.0,30.0,0.0,0.3,25.125,16.797019910252573,15.45166520000459,0.011043496373545736,1.405040589947415e-05,0.13013371326858564,,,,,True
atlas,ab-lattice-sample-006,4.0,40.0,30.0,0.2,0.0,0.0,0.1497729143606461,-0.5831213054759408,8.847862675764873e-05,0.0002485448654501299,15.772484640870054,,,,,True
atlas,ab-lattice-sample-006,4.0,40.0,30.0,0.2,0.1,8.375,5.9608791672911,5.035984698309342,0.0034883848456317423,0.00026905084895155116,14.410040285051005,,,,,True
atlas,ab-lattice-sample-006,4.0,40.0,30.0,0.2,0.3,25.125,17.831481120260726,16.441212547694462,0.009958815136734245,0.0003643978430497112,10.510073437515524,,,,,True
atlas,ab-lattice-sample-007,4.0,60.0,30.0,-0.2,0.0,0.0,-0.3476212259466181,-0.3914490505394821,-0.00020867891801401584,0.00032016521818314817,15.182910863122121,,,,,True
atlas,ab-lattice-sample-007,4.0,60.0,30.0,-0.2,0.1,8.375,5.4318659714368875,4.525300891788987,0.0032294823874252643,0.0003467950712709349,13.872454034525726,,,,,True
atlas,ab-lattice-sample-007,4.0,60.0,30.0,-0.2,0.3,25.125,17.25861534903101,15.893344243512232,0.009751095289935563,0.00047586893193382325,10.333592792399955,,,,,True
atlas,ab-lattice-sample-007,4.0,60.0,30.0,0.0,0.0,0.0,-2.376054908381775e-11,-0.7272506264583725,-2.1316282072803006e-14,0.0002568171380384929,7.51226349089944,,,,,True
atlas,ab-lattice-sample-007,4.0,60.0,30.0,0.0,0.1,8.375,5.3413324530838295,4.4379253795876235,0.004018565564400944,0.00016680040182120973,2.882095281809311,,,,,True
atlas,ab-lattice-sample-007,4.0,60.0,30.0,0.0,0.3,25.125,16.790712442586496,15.445628527007962,0.01104006304728955,1.407233544592587e-05,0.1303623820235059,,,,,True
atlas,ab-lattice-sample-007,4.0,60.0,30.0,0.2,0.0,0.0,0.3493581814105686,-0.3897611784012821,0.00020637804906442625,0.00024860840122606994,15.76532326726921,,,,,True
atlas,ab-lattice-sample-007,4.0,60.0,30.0,0.2,0.1,8.375,6.16024879435296,5.2283898143321075,0.0036029406341029357,0.00027031248509801784,14.34019331167322,,,,,True
atlas,ab-lattice-sample-007,4.0,60.0,30.0,0.2,0.3,25.125,18.033496411286837,16.634383415094078,0.010062959370451097,0.00036608678878414554,10.457111503245931,,,,,True
atlas,ab-lattice-sample-008,6.0,10.0,30.0,-0.2,0.0,0.0,0.3883707402174021,-0.35202594042513224,0.00023313854498496767,0.00032019549653465465,15.180066337003849,,,,,True
atlas,ab-lattice-sample-008,6.0,10.0,30.0,-0.2,0.1,5.583333333333333,4.688834086174651,3.807718010203132,0.0027941407523357498,0.00034049598331278814,14.124782802746168,,,,,True
atlas,ab-lattice-sample-008,6.0,10.0,30.0,-0.2,0.3,16.75,13.395938431147519,12.192193700466012,0.007704181986426306,0.00043324662617811823,11.297153215573932,,,,,True
atlas,ab-lattice-sample-008,6.0,10.0,30.0,0.0,0.0,0.0,3.012701199622825e-11,-0.7272506264583809,2.1316282072803006e-14,0.0002568171380384929,7.51226349089944,,,,,True
atlas,ab-lattice-sample-008,6.0,10.0,30.0,0.0,0.1,5.583333333333333,4.040675879118025,3.1814809155146517,0.0030796177136451774,0.00019907786067717163,3.91799328501603,,,,,True
atlas,ab-lattice-sample-008,6.0,10.0,30.0,0.0,0.3,16.75,12.447603412230352,11.281732616331983,0.008588903996198383,4.00715543332232e-05,0.43571518652175373,,,,,True
atlas,ab-lattice-sample-008,6.0,10.0,30.0,0.2,0.0,0.0,-0.3898072874798712,-0.3506373451265007,-0.0002302707553383243,0.0002486274624874848,15.76328596867636,,,,,True
atlas,ab-lattice-sample-008,6.0,10.0,30.0,0.2,0.1,5.583333333333333,3.922399212628273,3.0671628019387693,0.002307288512675143,0.0002579101097429512,15.074908559058652,,,,,True
atlas,ab-lattice-sample-008,6.0,10.0,30.0,0.2,0.3,16.75,12.631887438644036,11.458711420691643,0.0072125707887025214,0.0003203745977446681,12.050847999301965,,,,,True
atlas,ab-lattice-sample-009,6.0,20.0,30.0,-0.2,0.0,0.0,0.15528600714054888,-0.5777846972276797,9.322229964681128e-05,0.00032006751530824106,15.192754459633754,,,,,True
atlas,ab-lattice-sample-009,6.0,20.0,30.0,-0.2,0.1,5.583333333333333,4.45299190621486,3.57987448723648,0.0026554013215687178,0.0003386308866759816,14.203178903009242,,,,,True
atlas,ab-lattice-sample-009,6.0,20.0,30.0,-0.2,0.3,16.75,13.152367355861127,11.958412423050419,0.007572565990663804,0.0004304779740639868,11.364809120548177,,,,,True
atlas,ab-lattice-sample-009,6.0,20.0,30.0,0.0,0.0,0.0,1.318767317570746e-11,-0.7272506264583678,7.105427357601002e-15,0.0002568171380384929,7.512263490899444,,,,,True
atlas,ab-lattice-sample-009,6.0,20.0,30.0,0.0,0.1,5.583333333333333,4.0387717493479,3.1796396429164924,0.003078219377485425,0.00019912360855065314,3.919685266216473,,,,,True
atlas,ab-lattice-sample-009,6.0,20.0,30.0,0.0,0.3,16.75,12.441990824542096,11.276343827005007,0.008585606096403353,4.0123873348967915e-05,0.4363919282616853,,,,,True
atlas,ab-lattice-sample-009,6.0,20.0,30.0,0.2,0.0,0.0,-0.15586148300490327,-0.5772272651230708,-9.207541044276013e-05,0.00024854605265092153,15.772341101381933,,,,,True
atlas,ab-lattice-sample-009,6.0,20.0,30.0,0.2,0.1,5.583333333333333,4.155386679024768,3.2923330721797717,0.0024431146868693077,0.0002590017796159979,15.005014052883734,,,,,True
atlas,ab-lattice-sample-009,6.0,20.0,30.0,0.2,0.3,16.75,12.865529015423116,11.683045568736613,0.007338821591019951,0.0003223492812234977,11.974241596958421,,,,,True
atlas,ab-lattice-sample-010,6.0,40.0,30.0,-0.2,0.0,0.0,-0.11086900392740641,-0.6207745279006087,-6.655788184417588e-05,0.0003200555689253527,15.194106417049106,,,,,True
atlas,ab-lattice-sample-010,6.0,40.0,30.0,-0.2,0.1,5.583333333333333,4.183801533926808,3.319778354347074,0.0024967304704617277,0.0003365884124963703,14.291331779531562,,,,,True
atlas,ab-lattice-sample-010,6.0,40.0,30.0,-0.2,0.3,16.75,12.874367475541636,11.69153227239494,0.007421960072875322,0.0004273106909152446,11.443056230265906,,,,,True
atlas,ab-lattice-sample-010,6.0,40.0,30.0,0.0,0.0,0.0,-6.0254023992456496e-12,-0.727250626458353,0.0,0.00025681713803849286,7.512263490899445,,,,,True
atlas,ab-lattice-sample-010,6.0,40.0,30.0,0.0,0.1,5.583333333333333,4.036597747280495,3.1775374407102106,0.003076622773278359,0.00019917583110058834,3.9216176604936743,,,,,True
atlas,ab-lattice-sample-010,6.0,40.0,30.0,0.0,0.3,16.75,12.435581898509039,11.270190557286732,0.008581839800768876,4.018369117501881e-05,0.4371659558334634,,,,,True
atlas,ab-lattice-sample-010,6.0,40.0,30.0,0.2,0.0,0.0,0.11128050756429794,-0.6203743322221594,6.573935710463275e-05,0.0002485384544287595,15.773275333738598,,,,,True
atlas,ab-lattice-sample-010,6.0,40.0,30.0,0.2,0.1,5.583333333333333,4.421535173197224,3.5494917079406623,0.002598029209757158,0.00026031089086511484,14.922838713808302,,,,,True
atlas,ab-lattice-sample-010,6.0,40.0,30.0,0.2,0.3,16.75,13.132477001182366,11.93931923676531,0.007482728991249132,0.0003246095151523616,11.887533744964708,,,,,True
atlas,ab-lattice-sample-011,6.0,60.0,30.0,-0.2,0.0,0.0,-0.2586314543575212,-0.47762882146989794,-0.00015526090295026052,0.000320110732952618,15.188228618913383,,,,,True
atlas,ab-lattice-sample-011,6.0,60.0,30.0,-0.2,0.1,5.583333333333333,4.034407889770319,3.1754199433511214,0.0024085323833702432,0.00033549636943079353,14.339554619086442,,,,,True
atlas,ab-lattice-sample-011,6.0,60.0,30.0,-0.2,0.3,16.75,12.720092654950001,11.543426643082846,0.007338203292185597,0.0004255500953275562,11.486952146549532,,,,,True
atlas,ab-lattice-sample-011,6.0,60.0,30.0,0.0,0.0,0.0,-1.6711965145077556e-11,-0.7272506264583797,-1.4210854715202004e-14,0.0002568171380384929,7.51226349089944,,,,,True
atlas,ab-lattice-sample-011,6.0,60.0,30.0,0.0,0.1,5.583333333333333,4.035390956261771,3.176370521514967,0.003075736459031475,0.0001992048156704127,3.9226906147480483,,,,,True
atlas,ab-lattice-sample-011,6.0,60.0,30.0,0.0,0.3,16.75,12.432023898176212,11.266774536090562,0.008579748672751464,4.02169346432628e-05,0.4375962513762848,,,,,True
atlas,ab-lattice-sample-011,6.0,60.0,30.0,0.2,0.0,0.0,0.25959194280441034,-0.47669487455899495,0.00015335242784431102,0.0002485735426611129,15.769155240723046,,,,,True
atlas,ab-lattice-sample-011,6.0,60.0,30.0,0.2,0.1,5.583333333333333,4.569340604151702,3.692311996530071,0.002683944571003849,0.0002610655916133034,14.876212066547813,,,,,True
atlas,ab-lattice-sample-011,6.0,60.0,30.0,0.2,0.3,16.75,13.280748740610642,12.081640029186694,0.007562503557018374,0.0003258664954211067,11.839755271594674,,,,,True
atlas,ab-lattice-sample-012,8.0,10.0,30.0,-0.2,0.0,0.0,0.3091444517291729,-0.4287724028135441,0.00018558279695213287,0.00032013970037027154,15.185363870439499,,,,,True
atlas,ab-lattice-sample-012,8.0,10.0,30.0,-0.2,0.1,4.1875,3.7292846893986793,2.880499427272139,0.0022280969147345786,0.00033336224171507224,14.436259644782899,,,,,True
atlas,ab-lattice-sample-012,8.0,10.0,30.0,-0.2,0.3,12.5625,10.618072388179115,9.523284543126394,0.006184011410731216,0.0004014898443973257,12.11825131169595,,,,,True
atlas,ab-lattice-sample-012,8.0,10.0,30.0,0.0,0.0,0.0,2.3987922759260982e-11,-0.7272506264583645,2.1316282072803006e-14,0.0002568171380384929,7.512263490899444,,,,,True
atlas,ab-lattice-sample-012,8.0,10.0,30.0,0.0,0.1,4.1875,3.2505750456231435,2.4177115719190074,0.002493853002704327,0.00021724340586483032,4.660611684337776,,,,,True
atlas,ab-lattice-sample-012,8.0,10.0,30.0,0.0,0.3,12.5625,9.911766530382398,8.84375313958485,0.00705557002248014,7.082983634040804e-05,0.8740509755684471,,,,,True
atlas,ab-lattice-sample-012,8.0,10.0,30.0,0.2,0.0,0.0,-0.31005422800084886,-0.4278915326814381,-0.00018316120665673452,0.00024859187516157927,15.767119782144187,,,,,True
atlas,ab-lattice-sample-012,8.0,10.0,30.0,0.2,0.1,4.1875,3.118417093882215,2.289975170463125,0.0018371777101293674,0.00025455648956211277,15.299012388333919,,,,,True
atlas,ab-lattice-sample-012,8.0,10.0,30.0,0.2,0.3,12.5625,10.012878934982695,8.941054323654985,0.005777989100167247,0.00029867277867790285,12.950908790355719,,,,,True
atlas,ab-lattice-sample-013,8.0,20.0,30.0,-0.2,0.0,0.0,0.12361869158722288,-0.6083589046850156,7.42118091636712e-05,0.0003200585901829246,15.19375706401636,,,,,True
atlas,ab-lattice-sample-013,8.0,20.0,30.0,-0.2,0.1,4.1875,3.5422465708064363,2.699722830059493,0.0021173003598704554,0.0003321204366841084,14.494205916504077,,,,,True
atlas,ab-lattice-sample-013,8.0,20.0,30.0,-0.2,0.3,12.5625,10.426810410890564,9.339329686563538,0.006077767869953732,0.00039930844234888475,12.178673358046094,,,,,True
atlas,ab-lattice-sample-013,8.0,20.0,30.0,0.0,0.0,0.0,1.0118128557223827e-11,-0.727250626458367,7.105427357601002e-15,0.0002568171380384929,7.512263490899439,,,,,True
atlas,ab-lattice-sample-013,8.0,20.0,30.0,0.0,0.1,4.1875,3.249340128787718,2.4165171597953483,0.0024929291106943197,0.00021727023903512835,4.6618313972704755,,,,,True
atlas,ab-lattice-sample-013,8.0,20.0,30.0,0.0,0.3,12.5625,9.908139815658737,8.840262597228788,0.0070533093295850335,7.088514304844673e-05,0.874913061051838,,,,,True
atlas,ab-lattice-sample-013,8.0,20.0,30.0,0.2,0.0,0.0,-0.1239831270758169,-0.6080035714590535,-7.324341163439385e-05,0.0002485403611199503,15.77303695818048,,,,,True
atlas,ab-lattice-sample-013,8.0,20.0,30.0,0.2,0.1,4.1875,3.3037256487770064,2.469132605717741,0.001945714889721728,0.0002552705132145459,15.249938420148595,,,,,True
atlas,ab-lattice-sample-013,8.0,20.0,30.0,0.2,0.3,12.5625,10.197940552543777,9.119129533074018,0.005880537071689673,0.00030016770402282257,12.885144658787153,,,,,True
atlas,ab-lattice-sample-014,8.0,40.0,30.0,-0.2,0.0,0.0,-0.08826767239596275,-0.6426808309746667,-5.298973268708096e-05,0.0003200510204413177,15.194646197696109,,,,,True
atlas,ab-lattice-sample-014,8.0,40.0,30.0,-0.2,0.1,4.1875,3.3286817672753974,2.4932856921820084,0.0019906204168478325,0.00033076673741447456,14.558969772103532,,,,,True
atlas,ab-lattice-sample-014,8.0,40.0,30.0,-0.2,0.3,12.5625,10.208440889702754,9.129230107533754,0.005956212800768412,0.00039682302582894985,12.248234656808943,,,,,True
atlas,ab-lattice-sample-014,8.0,40.0,30.0,0.0,0.0,0.0,-5.7980287238024175e-12,-0.7272506264583742,-7.105427357601002e-15,0.00025681713803849286,7.512263490899442,,,,,True
atlas,ab-lattice-sample-014,8.0,40.0,30.0,0.0,0.1,4.1875,3.2479299241091524,2.4151532272133904,0.0024918740482107182,0.00021730087396131092,4.663224442532034,,,,,True
atlas,ab-lattice-sample-014,8.0,40.0,30.0,0.0,0.3,12.5625,9.903997922119508,8.836276272247494,0.007050727245974997,7.09483489371119e-05,0.87589860755894,,,,,True
atlas,ab-lattice-sample-014,8.0,40.0,30.0,0.2,0.0,0.0,0.08852831018394501,-0.6424292331162382,5.229848412824367e-05,0.0002485355538784351,15.773645337463067,,,,,True
atlas,ab-lattice-sample-014,8.0,40.0,30.0,0.2,0.1,4.1875,3.5154086194578995,2.6737623905021444,0.0020695705490041405,0.0002561300880103065,15.191906538901923,,,,,True
atlas,ab-lattice-sample-014,8.0,40.0,30.0,0.2,0.3,12.5625,10.40937646174036,9.322566200330726,0.005997479378258674,0.0003018850243723181,12.810345561145526,,,,,True
atlas,ab-lattice-sample-015,8.0,60.0,30.0,-0.2,0.0,0.0,-0.20591776377166945,-0.5287126550339873,-0.00012361706482266754,0.0003200859941419621,15.190769165033945,,,,,True
atlas,ab-lattice-sample-015,8.0,60.0,30.0,-0.2,0.1,4.1875,3.2101227408276385,2.3785938337333095,0.0019202196541243666,0.00033004563464554836,14.594219900425912,,,,,True
atlas,ab-lattice-sample-015,8.0,60.0,30.0,-0.2,0.3,12.5625,10.087223949204947,9.012606840213982,0.005888620548383017,0.0003954461456302283,12.287108392680912,,,,,True
atlas,ab-lattice-sample-015,8.0,60.0,30.0,0.0,0.0,0.0,-1.375610736431554e-11,-0.7272506264583806,-7.105427357601002e-15,0.0002568171380384929,7.512263490899439,,,,,True
atlas,ab-lattice-sample-015,8.0,60.0,30.0,0.0,0.1,4.1875,3.247146996865783,2.4143959979390384,0.0024912882772127887,0.0002173178788365129,4.663997936283178,,,,,True
atlas,ab-lattice-sample-015,8.0,60.0,30.0,0.0,0.3,12.5625,9.901698216389303,8.834062967240683,0.007049293475937191,7.098346248578058e-05,0.8764462742037022,,,,,True
atlas,ab-lattice-sample-015,8.0,60.0,30.0,0.2,0.0,0.0,0.20652623255818994,-0.528125401663146,0.00012200504131953949,0.0002485577654016051,15.770957037895371,,,,,True
atlas,ab-lattice-sample-015,8.0,60.0,30.0,0.2,0.1,4.1875,3.6329658581672173,2.787428894893422,0.002138291246303936,0.0002566272666486811,15.158818603526004,,,,,True
atlas,ab-lattice-sample-015,8.0,60.0,30.0,0.2,0.3,12.5625,10.526811920367193,9.435504049924749,0.006062329802290378,0.0003028429060215144,12.768964703283007,,,,,True
atlas,ab-lattice-sample-016,12.0,10.0,30.0,-0.2,0.0,0.0,0.21956455440485423,-0.5155259816044124,0.0001318092631308332,0.0003200918605022327,15.19015672911473,,,,,True
atlas,ab-lattice-sample-016,12.0,10.0,30.0,-0.2,0.1,2.7916666666666665,2.6471942820033947,1.8342433877424524,0.0015852681661456813,0.00032693143620537936,14.75366607169193,,,,,True
atlas,ab-lattice-sample-016,12.0,10.0,30.0,-0.2,0.3,8.375,7.516668467648633,6.536730852385783,0.0044354320543007475,0.00036715625930306453,13.148635120315143,,,,,True
atlas,ab-lattice-sample-016,12.0,10.0,30.0,0.0,0.0,0.0,1.693933882052079e-11,-0.7272506264583705,1.4210854715202004e-14,0.0002568171380384929,7.512263490899442,,,,,True
atlas,ab-lattice-sample-016,12.0,10.0,30.0,0.0,0.1,2.7916666666666665,2.339375555594375,1.5364576192377928,0.0018058237319351633,0.00023520827601689325,5.59626051622827,,,,,True
atlas,ab-lattice-sample-016,12.0,10.0,30.0,0.0,0.3,8.375,7.069168507547276,6.105237314707173,0.005213680837890422,0.0001250478143265047,1.8637477413427694,,,,,True
atlas,ab-lattice-sample-016,12.0,10.0,30.0,0.2,0.0,0.0,-0.22002318504874102,-0.5150822756271961,-0.0001299781278802925,0.0002485614378199978,15.770532361432702,,,,,True
atlas,ab-lattice-sample-016,12.0,10.0,30.0,0.2,0.1,2.7916666666666665,2.2122209359134413,1.4134398868843319,0.0013050572937203242,0.0002516069107356295,15.512421471420287,,,,,True
atlas,ab-lattice-sample-016,12.0,10.0,30.0,0.2,0.3,8.375,7.087233496864086,6.122662625285939,0.0041331085789551025,0.0002765062357878894,14.009395569766557,,,,,True
atlas,ab-lattice-sample-017,12.0,20.0,30.0,-0.2,0.0,0.0,0.08780626733177856,-0.6431261598962814,5.271273899154494e-05,0.00032005093833682203,15.194656134439473,,,,,True
atlas,ab-lattice-sample-017,12.0,20.0,30.0,-0.2,0.1,2.7916666666666665,2.5147817342759087,1.706112929518547,0.0015063284797278698,0.00032627606394863737,14.789012908764995,,,,,True
atlas,ab-lattice-sample-017,12.0,20.0,30.0,-0.2,0.3,8.375,7.382530407027621,6.407400760865121,0.00435856383311517,0.00036575401235770956,13.195064022747735,,,,,True
atlas,ab-lattice-sample-017,12.0,20.0,30.0,0.0,0.0,0.0,7.503331289626658e-12,-0.7272506264583815,0.0,0.0002568171380384929,7.512263490899442,,,,,True
atlas,ab-lattice-sample-017,12.0,20.0,30.0,0.0,0.1,2.7916666666666665,2.338734117035262,1.5358364931536954,0.001805335272372588,0.00023521943898802144,5.596935942473021,,,,,True
atlas,ab-lattice-sample-017,12.0,20.0,30.0,0.0,0.3,8.375,7.0672819714946735,6.103417409447514,0.005212408525729018,0.00012509064556595392,1.8646590142140558,,,,,True
atlas,ab-lattice-sample-017,12.0,20.0,30.0,0.2,0.0,0.0,-0.0879899838166774,-0.642948855622624,-5.198046681442747e-05,0.0002485354932489295,15.773653191743591,,,,,True
atlas,ab-lattice-sample-017,12.0,20.0,30.0,0.2,0.1,2.7916666666666665,2.3437996978401805,1.5407418074601729,0.0013824463991838343,0.00025197753381309433,15.484440085490343,,,,,True
atlas,ab-lattice-sample-017,12.0,20.0,30.0,0.2,0.3,8.375,7.218308344780039,6.249060918766196,0.004207737286868962,0.00027742177820155975,13.962048019677495,,,,,True
atlas,ab-lattice-sample-018,12.0,40.0,30.0,-0.2,0.0,0.0,-0.06270293318524034,-0.6674249204549579,-3.764250535454039e-05,0.0003200471198545416,15.195129181513554,,,,,True
atlas,ab-lattice-sample-018,12.0,40.0,30.0,-0.2,0.1,2.7916666666666665,2.363538420435011,1.5598591796305965,0.0014160976764756583,0.00032556474609513156,14.828245347265364,,,,,True
atlas,ab-lattice-sample-018,12.0,40.0,30.0,-0.2,0.3,8.375,7.229326707058721,6.2596827467757805,0.004270645619264712,0.00036416515344869034,13.248191866198669,,,,,True
atlas,ab-lattice-sample-018,12.0,40.0,30.0,0.0,0.0,0.0,-3.410605131648481e-12,-0.7272506264583715,0.0,0.0002568171380384929,7.512263490899442,,,,,True
atlas,ab-lattice-sample-018,12.0,40.0,30.0,0.0,0.1,2.7916666666666665,2.3380014705177357,1.5351270539534863,0.0018047773508840237,0.00023523218638204967,5.597707420363599,,,,,True
atlas,ab-lattice-sample-018,12.0,40.0,30.0,0.0,0.3,8.375,7.065127075825124,6.101338642302439,0.005210955141421891,0.00012513957908931426,1.8657004067994925,,,,,True
atlas,ab-lattice-sample-018,12.0,40.0,30.0,0.2,0.0,0.0,0.06283434862002871,-0.6672969690598228,3.711970633446526e-05,0.0002485330724395801,15.773972602429005,,,,,True
atlas,ab-lattice-sample-018,12.0,40.0,30.0,0.2,0.1,2.7916666666666665,2.4941161959566935,1.686121893872185,0.0014708077402829645,0.000252425363756979,15.451149530096341,,,,,True
atlas,ab-lattice-sample-018,12.0,40.0,30.0,0.2,0.3,8.375,7.368063459638534,6.393452756682955,0.004292897508037186,0.00027847878989813537,13.907840074517695,,,,,True
atlas,ab-lattice-sample-019,12.0,60.0,30.0,-0.2,0.0,0.0,-0.1462864687489742,-0.5864925504845688,-8.781972486104905e-05,0.00032006477279736555,15.19305860601183,,,,,True
atlas,ab-lattice-sample-019,12.0,60.0,30.0,-0.2,0.1,2.7916666666666665,2.2795534008691622,1.4785534568589205,0.0013659641225203245,0.000325187156696053,14.849475949033845,,,,,True
atlas,ab-lattice-sample-019,12.0,60.0,30.0,-0.2,0.3,8.375,7.1442581931451254,6.177643996457682,0.004221770706827499,0.0003632890150855953,13.277731633878702,,,,,True
atlas,ab-lattice-sample-019,12.0,60.0,30.0,0.0,0.0,0.0,-9.322320693172514e-12,-0.7272506264583767,-7.105427357601002e-15,0.0002568171380384929,7.512263490899438,,,,,True
atlas,ab-lattice-sample-019,12.0,60.0,30.0,0.0,0.1,2.7916666666666665,2.3375946409709334,1.5347331141630436,0.0018044675411488242,0.00023523926352972017,5.598135817482521,,,,,True
atlas,ab-lattice-sample-019,12.0,60.0,30.0,0.0,0.3,8.375,7.063930439221041,6.100184289670995,0.005210148022321448,0.00012516675679048514,1.8662789295149609,,,,,True
atlas,ab-lattice-sample-019,12.0,60.0,30.0,0.2,0.0,0.0,0.14659332189343427,-0.5861959543565004,8.660030024287835e-05,0.00024854426426158474,15.772557620338176,,,,,True
atlas,ab-lattice-sample-019,12.0,60.0,30.0,0.2,0.1,2.7916666666666665,2.5775983236112157,1.7669117888208627,0.0015198580979287613,0.0002526852103416811,15.432071442054442,,,,,True
atlas,ab-lattice-sample-019,12.0,60.0,30.0,0.2,0.3,8.375,7.451240249485083,6.473649481547691,0.004340148784436337,0.000279070793794014,13.877687897874527,,,,,True
new,new,5.0,25.0,45.0,0.0,0.15,10.05,6.952293150385769,5.99252044866511,0.00513472564641404,0.00012771586765045366,1.9209661240209077,7.154917554197635,6.9959596290405095,0.20262440381186586,0.043666478654740715,True
new,new,5.0,25.0,45.0,0.0,0.25,16.75,11.799694648679049,10.659280816139876,0.008205573054738124,4.6533261454801206e-05,0.5210748070031138,11.92486259032939,11.828495356214418,0.12516794165034106,0.02880070753536934,True
new,new,5.0,25.0,45.0,0.1,0.15,10.05,7.068124935147026,6.104230598396054,0.004655635915469247,0.00027108254154898845,7.527771129114841,7.03161360157041,6.872063124977023,0.03651133357661607,0.19606181017000246,True
new,new,5.0,25.0,45.0,-0.1,0.25,16.75,12.243292525958788,11.085474229258246,0.007757358175808804,0.00035137826127345427,6.21063906113976,12.048166542956615,11.954283783235095,0.195125983002173,0.28900874272369315,True
new,new,10.0,25.0,45.0,0.0,0.15,5.025,4.086017288237439,3.2253336692246055,0.0031128953426673434,0.0001979863268842467,3.87785096701593,4.179440046322249,4.089569085104674,0.09342275808480949,0.0035517968672351685,True
new,new,10.0,25.0,45.0,0.0,0.25,8.375,6.847558151563583,5.891492202350511,0.005063742449053166,0.00013013132656600004,1.9735747482047883,6.96573341053708,6.872535593602366,0.11817525897349679,0.02497744203878316,True
new,new,10.0,25.0,45.0,0.1,0.15,5.025,4.1025387603728065,3.241305486001849,0.0027710355041605794,0.00025706105866736263,8.87399206833625,4.107413852648262,4.017965918376563,0.004875092275455906,0.08457284199624393,True
new,new,10.0,25.0,45.0,-0.1,0.25,8.375,7.047003872709474,6.083856524368114,0.0046896324796321665,0.000322585186178477,7.601590467151898,7.037759604211066,6.944759278704284,0.009244268498407315,0.1022445940051897,True
stress,new,5.0,25.0,45.0,-0.6,0.25,16.75,13.981112588051431,12.75365459479746,0.006312207320881669,0.0003603024600388618,28.086585310394828,12.664686306092744,12.583781208818912,1.3164262819586874,1.3973313792325186,True
stress,new,5.0,25.0,45.0,0.6,0.25,16.75,12.358170800920002,11.195839762877856,0.0055573197243603545,0.00027617403817619714,32.39253462807529,11.18503887456604,11.074573017856935,1.1731319263539621,1.2835977830630672,True
stress,new,10.0,25.0,45.0,-0.6,0.25,8.375,7.826329049160461,6.835233959996472,0.003541471412802366,0.00034448721701563136,29.078794537009834,7.397890572581002,7.306058534225411,0.4284384765794593,0.5202705149350502,True
stress,new,10.0,25.0,45.0,0.6,0.25,8.375,6.915516930902786,5.9570480805766755,0.0031159177134014726,0.0002691348543005885,33.183681586371826,6.53357624849316,6.439456960688391,0.38194068240962586,0.4760599702143953,True
