dataset,family,optimizer,lr,activation,residual,depth,position,tail,mean,sd,finite,ratio,ratio_se_upper,error,batch,lab_ids
mvar_000e80,multivariate_regression,Adagrad,0.0003,silu,False,1,shallow,0,1.5878833889961244,0.014812258418139618,True,1.0,,,batch0,"['exp:0a6bf85baeb6/1c8eb16f', 'exp:f9305e903cea/1c8eb16f', 'exp:c2ef11a6dab3/1c8eb16f']"
mvar_000e80,multivariate_regression,Adagrad,0.0003,silu,False,4,early,3,1.577955973148346,0.008805005772676039,True,0.993748019585963,0.004684947379327585,,batch0,['exp:f9305e903cea/e3d58a32']
mvar_000e80,multivariate_regression,Adagrad,0.0003,silu,False,4,middle,1,1.5786899089813233,0.014741885726737685,True,0.9942102297445071,0.005868643431754804,,batch0,['exp:f9305e903cea/ac0b347c']
mvar_000e80,multivariate_regression,Adagrad,0.0003,silu,False,4,last,0,1.5888652801513672,0.012304617785133783,True,1.0006183647754283,0.005402163466456652,,batch0,['exp:f9305e903cea/2357aad2']
mvar_000e80,multivariate_regression,Adagrad,0.0003,silu,False,4,dense,0,1.0291692972183228,0.18116278429683785,True,0.6481390915418379,0.03799058369224024,,batch0,['exp:f9305e903cea/b76da9b6']
mvar_000e80,multivariate_regression,Adagrad,0.0003,silu,False,5,early,4,1.5929904460906983,0.01865199011880345,True,1.0032162670949047,0.006673909291574918,,batch0,['exp:f9305e903cea/bc8e90ba']
mvar_000e80,multivariate_regression,Adagrad,0.0003,silu,False,5,middle,2,1.5801520109176637,0.009240053000381885,True,0.9951310164637791,0.004775666910020049,,batch0,"['exp:0a6bf85baeb6/254b22ff', 'exp:f9305e903cea/254b22ff', 'exp:c2ef11a6dab3/254b22ff']"
mvar_000e80,multivariate_regression,Adagrad,0.0003,silu,False,5,last,0,1.5832523822784423,0.013157866808583251,True,0.9970835347546461,0.005561661149325772,,batch0,"['exp:f9305e903cea/d8d93586', 'exp:c2ef11a6dab3/d8d93586']"
mvar_000e80,multivariate_regression,Adagrad,0.0003,silu,False,5,dense,0,0.836177796125412,0.07327486588648782,True,0.526598994560962,0.016146123807190795,,batch0,"['exp:f9305e903cea/8db6c75c', 'exp:c2ef11a6dab3/8db6c75c']"
mvar_000e80,multivariate_regression,Adagrad,0.0003,silu,True,1,shallow,0,1.5910297632217407,0.016554258349351904,True,1.0,,,batch0,['exp:f9305e903cea/3f8de3fa']
mvar_000e80,multivariate_regression,Adagrad,0.0003,silu,True,4,early,3,1.5679059386253358,0.01138910208342915,True,0.9854661269506483,0.005506108710612364,,batch0,['exp:f9305e903cea/9f863585']
mvar_000e80,multivariate_regression,Adagrad,0.0003,silu,True,4,middle,1,1.5490578532218933,0.023887399292850633,True,0.9736196575513102,0.007951250480845754,,batch0,['exp:f9305e903cea/a2eb88a4']
mvar_000e80,multivariate_regression,Adagrad,0.0003,silu,True,4,last,0,1.5633669376373291,0.028441785379741513,True,0.9826132570088469,0.008886056422969602,,batch1,['exp:a694acc31cf8/145883f1']
mvar_000e80,multivariate_regression,Adagrad,0.0003,silu,True,4,dense,0,1.1122162163257598,0.2332135538179534,True,0.6990543118901736,0.04865282448841395,,batch1,['exp:a694acc31cf8/7ecad5f0']
mvar_000e80,multivariate_regression,Adagrad,0.0003,silu,True,5,early,4,1.5675638675689698,0.02246078854115413,True,0.9852511271660601,0.007705972754410204,,batch1,['exp:a694acc31cf8/f4a35ffc']
mvar_000e80,multivariate_regression,Adagrad,0.0003,silu,True,5,middle,2,1.5377842664718628,0.03278400358054922,True,0.966533940482635,0.009696195942328439,,batch1,['exp:a694acc31cf8/b8d175ce']
mvar_000e80,multivariate_regression,Adagrad,0.0003,silu,True,5,last,0,1.5437059640884399,0.039133364664041,True,0.970255868100498,0.010970419905244739,,batch1,['exp:a694acc31cf8/839d35ab']
mvar_000e80,multivariate_regression,Adagrad,0.0003,silu,True,5,dense,0,0.9139132976531983,0.1885310254301465,True,0.5744162169553498,0.039361781386588766,,batch1,['exp:a694acc31cf8/25d9e41c']
mvar_000e80,multivariate_regression,Adagrad,0.0003,relu,False,1,shallow,0,1.5372738599777223,0.028297409579549723,True,1.0,,,batch1,['exp:a694acc31cf8/b78bc5f4']
mvar_000e80,multivariate_regression,Adagrad,0.0003,relu,False,4,early,3,1.551507341861725,0.014884101153383357,True,1.0092589110207135,0.008936628479660768,,batch1,['exp:a694acc31cf8/0128b932']
mvar_000e80,multivariate_regression,Adagrad,0.0003,relu,False,4,middle,1,1.4038124203681945,0.06888569386381244,True,0.913183042342591,0.019485871256759536,,batch1,['exp:a694acc31cf8/d67f143f']
mvar_000e80,multivariate_regression,Adagrad,0.0003,relu,False,4,last,0,1.4493849754333497,0.04290186375084563,True,0.942828088844465,0.01431338232484763,,batch1,['exp:a694acc31cf8/b6871a81']
mvar_000e80,multivariate_regression,Adagrad,0.0003,relu,False,4,dense,0,0.8337637960910798,0.07978672313072094,True,0.5423651684958478,0.019569767564319607,,batch1,['exp:a694acc31cf8/297b418b']
mvar_000e80,multivariate_regression,Adagrad,0.0003,relu,False,5,early,4,1.5712239623069764,0.02264724914020058,True,1.0220846156388466,0.010608219266830452,,batch1,['exp:a694acc31cf8/d379a149']
mvar_000e80,multivariate_regression,Adagrad,0.0003,relu,False,5,middle,2,1.4581005454063416,0.05301427230926178,True,0.9484975861278693,0.01642657603251358,,batch2,['exp:4c3886f6b805/179120c7']
mvar_000e80,multivariate_regression,Adagrad,0.0003,relu,False,5,last,0,1.5169113397598266,0.03192854315618855,True,0.9867541361705124,0.012311787341324239,,batch2,['exp:4c3886f6b805/7c27ebd4']
mvar_000e80,multivariate_regression,Adagrad,0.0003,relu,False,5,dense,0,0.7256797194480896,0.045603020560451,True,0.4720562408174988,0.012128679495675962,,batch2,['exp:4c3886f6b805/0199151e']
mvar_000e80,multivariate_regression,Adagrad,0.0003,relu,True,1,shallow,0,1.5353569626808166,0.031407512922916485,True,1.0,,,batch2,['exp:4c3886f6b805/26992ed4']
mvar_000e80,multivariate_regression,Adagrad,0.0003,relu,True,4,early,3,1.3886048316955566,0.06404557300354627,True,0.9044182333149271,0.019041568600262525,,batch2,['exp:4c3886f6b805/30172112']
mvar_000e80,multivariate_regression,Adagrad,0.0003,relu,True,4,middle,1,1.4226509571075439,0.07576242469304068,True,0.9265929628661195,0.021598258503290987,,batch2,['exp:4c3886f6b805/d24eaafa']
mvar_000e80,multivariate_regression,Adagrad,0.0003,relu,True,4,last,0,1.4264454007148744,0.08947419580430084,True,0.929064338383058,0.02443837215468504,,batch2,['exp:4c3886f6b805/cab7a40f']
mvar_000e80,multivariate_regression,Adagrad,0.0003,relu,True,4,dense,0,1.0316040337085723,0.1619881812356935,True,0.6718984957786858,0.03771006308455603,,batch2,['exp:4c3886f6b805/9a894684']
mvar_000e80,multivariate_regression,Adagrad,0.0003,relu,True,5,early,4,1.3447495698928833,0.08622182265916682,True,0.8758546726129913,0.023424298370950686,,batch2,['exp:4c3886f6b805/168fb1d7']
mvar_000e80,multivariate_regression,Adagrad,0.0003,relu,True,5,middle,2,1.3296592593193055,0.11321193763428271,True,0.8660261370083269,0.028919702803726615,,batch2,['exp:4c3886f6b805/e643310c']
mvar_000e80,multivariate_regression,Adagrad,0.0003,relu,True,5,last,0,1.3588027477264404,0.11654580555356729,True,0.8850077087961988,0.029729146621780812,,batch2,['exp:4c3886f6b805/97865686']
mvar_000e80,multivariate_regression,Adagrad,0.0003,relu,True,5,dense,0,0.9067879378795624,0.17365537495192943,True,0.5906039832562855,0.03958720270621535,,batch2,['exp:4c3886f6b805/00a8e37a']
mvar_000e80,multivariate_regression,Adam,0.0003,silu,False,1,shallow,0,1.4561739683151245,0.07153509108585471,True,1.0,,,batch3,['exp:de464b16d79d/37026a22']
mvar_000e80,multivariate_regression,Adam,0.0003,silu,False,4,early,3,0.8344936370849609,0.15790014165029012,True,0.5730727613888863,0.0431927148073245,,batch3,['exp:de464b16d79d/e6427be5']
mvar_000e80,multivariate_regression,Adam,0.0003,silu,False,4,middle,1,0.6880560994148255,0.05963919304248931,True,0.4725095451410557,0.02029179779805322,,batch3,['exp:de464b16d79d/77d8f15f']
mvar_000e80,multivariate_regression,Adam,0.0003,silu,False,4,last,0,0.8607703983783722,0.25063695597786634,True,0.5911178314596107,0.06361208824307309,,batch3,['exp:de464b16d79d/74b95492']
mvar_000e80,multivariate_regression,Adam,0.0003,silu,False,4,dense,0,0.7218303620815277,0.07581061819753121,True,0.4957033828291315,0.024163952112186336,,batch3,['exp:de464b16d79d/1199fcee']
mvar_000e80,multivariate_regression,Adam,0.0003,silu,False,5,early,4,0.9210414946079254,0.20253564076827812,True,0.6325078696974802,0.05380922684468978,,batch3,['exp:de464b16d79d/a51ca545']
mvar_000e80,multivariate_regression,Adam,0.0003,silu,False,5,middle,2,0.667437881231308,0.04671129363921,True,0.45835037279479135,0.01726437051902507,,batch3,['exp:de464b16d79d/2249dece']
mvar_000e80,multivariate_regression,Adam,0.0003,silu,False,5,last,0,1.6090373516082763,0.08034788391453977,True,1.104976044496952,0.03461421381328402,,batch3,['exp:de464b16d79d/7dbd57ec']
mvar_000e80,multivariate_regression,Adam,0.0003,silu,False,5,dense,0,0.7179104149341583,0.05990200943753533,True,0.49301143308091216,0.02066736479288168,,batch3,['exp:de464b16d79d/43afafac']
mvar_000e80,multivariate_regression,Adam,0.0003,silu,True,1,shallow,0,1.4529563069343567,0.0811330813122119,True,1.0,,,batch3,['exp:de464b16d79d/eee83437']
mvar_000e80,multivariate_regression,Adam,0.0003,silu,True,4,early,3,0.6679567456245422,0.03780505779230847,True,0.4597225273992495,0.016345911488234638,,batch3,['exp:de464b16d79d/a64acd8d']
mvar_000e80,multivariate_regression,Adam,0.0003,silu,True,4,middle,1,0.6650933980941772,0.037990407322474086,True,0.4577518229006356,0.01635145275792795,,batch3,['exp:de464b16d79d/ef605002']
mvar_000e80,multivariate_regression,Adam,0.0003,silu,True,4,last,0,0.6802948772907257,0.050393035510593515,True,0.46821427048009695,0.019235562566880346,,batch4,['exp:203adc9032cf/47c14569']
mvar_000e80,multivariate_regression,Adam,0.0003,silu,True,4,dense,0,0.7079175412654877,0.05620057822325296,True,0.48722562260605595,0.020835247038594202,,batch4,['exp:203adc9032cf/d3f5bd44']
mvar_000e80,multivariate_regression,Adam,0.0003,silu,True,5,early,4,0.6665400743484498,0.044780217069902,True,0.45874750064219477,0.017846798486237943,,batch4,['exp:203adc9032cf/81fa0487']
mvar_000e80,multivariate_regression,Adam,0.0003,silu,True,5,middle,2,0.6781786918640137,0.0469566425109821,True,0.46675780175036824,0.01846193240734702,,batch4,['exp:203adc9032cf/6b4f3e25']
mvar_000e80,multivariate_regression,Adam,0.0003,silu,True,5,last,0,0.6767057716846466,0.05760264979115802,True,0.4657440615763951,0.020761075213627446,,batch4,['exp:203adc9032cf/01602ed0']
mvar_000e80,multivariate_regression,Adam,0.0003,silu,True,5,dense,0,0.7059825479984283,0.05348828456627626,True,0.4858938597320972,0.020221415103066687,,batch4,['exp:203adc9032cf/b5a1474e']
mvar_000e80,multivariate_regression,Adam,0.0003,relu,False,1,shallow,0,1.122695231437683,0.10296465142866279,True,1.0,,,batch4,['exp:203adc9032cf/f55d3c2a']
mvar_000e80,multivariate_regression,Adam,0.0003,relu,False,4,early,3,0.6723452866077423,0.047240728906025806,True,0.5988671437989107,0.030674498390644643,,batch4,['exp:203adc9032cf/8b55ddd7']
mvar_000e80,multivariate_regression,Adam,0.0003,relu,False,4,middle,1,0.6990710377693177,0.07307193135248881,True,0.6226721359403233,0.03864072149618966,,batch4,['exp:203adc9032cf/1aae4f2f']
mvar_000e80,multivariate_regression,Adam,0.0003,relu,False,4,last,0,0.704070097208023,0.06415519501157112,True,0.6271248665645585,0.036258296261903133,,batch4,['exp:203adc9032cf/68c30c0a']
mvar_000e80,multivariate_regression,Adam,0.0003,relu,False,4,dense,0,0.7157239794731141,0.07415925091721338,True,0.6375051389116383,0.039377170150240906,,batch4,['exp:203adc9032cf/703eea7f']
mvar_000e80,multivariate_regression,Adam,0.0003,relu,False,5,early,4,0.6665743529796601,0.0367744887376432,True,0.5937268942757234,0.027577412358601994,,batch4,['exp:203adc9032cf/6a90b1ee']
mvar_000e80,multivariate_regression,Adam,0.0003,relu,False,5,middle,2,0.6854092657566071,0.04683227581029101,True,0.6105034087290963,0.030896923717735312,,batch5,['exp:f5f32b50d48a/5270f674']
mvar_000e80,multivariate_regression,Adam,0.0003,relu,False,5,last,0,0.6623474001884461,0.04991087252350178,True,0.5899618896040628,0.031168324275336726,,batch5,['exp:f5f32b50d48a/40ecd84f']
mvar_000e80,multivariate_regression,Adam,0.0003,relu,False,5,dense,0,0.7389596104621887,0.06878284569860087,True,0.6582014332740184,0.03846303832874569,,batch5,['exp:f5f32b50d48a/bc24a511']
mvar_000e80,multivariate_regression,Adam,0.0003,relu,True,1,shallow,0,1.1106377601623536,0.11258713402527444,True,1.0,,,batch5,['exp:f5f32b50d48a/cb9d09c3']
mvar_000e80,multivariate_regression,Adam,0.0003,relu,True,4,early,3,0.6733301281929016,0.03897955446872826,True,0.6062553897811594,0.030532939835493586,,batch5,['exp:f5f32b50d48a/4de992ff']
mvar_000e80,multivariate_regression,Adam,0.0003,relu,True,4,middle,1,0.7040222823619843,0.05044598096101491,True,0.6338901013585834,0.034683605471960845,,batch5,['exp:f5f32b50d48a/502902e2']
mvar_000e80,multivariate_regression,Adam,0.0003,relu,True,4,last,0,0.693460863828659,0.05480117776933692,True,0.6243807735541862,0.03561880856447534,,batch5,['exp:f5f32b50d48a/0e6374b7']
mvar_000e80,multivariate_regression,Adam,0.0003,relu,True,4,dense,0,0.7228550374507904,0.0869491327736139,True,0.6508468047629886,0.04562058520870015,,batch5,['exp:f5f32b50d48a/de3aab73']
mvar_000e80,multivariate_regression,Adam,0.0003,relu,True,5,early,4,0.6825273692607879,0.04755715133722605,True,0.6145364345986362,0.033240668597305505,,batch5,['exp:f5f32b50d48a/0a58f153']
mvar_000e80,multivariate_regression,Adam,0.0003,relu,True,5,middle,2,0.6785460889339447,0.0371009491028314,True,0.6109517551742114,0.030148600619827673,,batch5,['exp:f5f32b50d48a/171ec37c']
mvar_000e80,multivariate_regression,Adam,0.0003,relu,True,5,last,0,0.6821692407131195,0.04505149353790623,True,0.6142139815356176,0.03251690523280125,,batch5,['exp:f5f32b50d48a/2a1750ee']
mvar_000e80,multivariate_regression,Adam,0.0003,relu,True,5,dense,0,0.7207986533641815,0.06731473177546635,True,0.6489952703020062,0.03997080136327979,,batch5,['exp:f5f32b50d48a/ffd80d0a']
mvar_000e80,multivariate_regression,SGD,0.0003,silu,False,1,shallow,0,1.5868154406547545,0.017778670505699125,True,1.0,,,batch6,['exp:716c840e36d1/2c28ea0c']
mvar_000e80,multivariate_regression,SGD,0.0003,silu,False,4,early,3,1.5903173446655274,0.023057268938808356,True,1.0022068754317943,0.008145789905595828,,batch6,['exp:716c840e36d1/8cd5f991']
mvar_000e80,multivariate_regression,SGD,0.0003,silu,False,4,middle,1,1.578772497177124,0.018534945358095432,True,0.9949313932347974,0.007218783650643878,,batch6,['exp:716c840e36d1/6ad476ea']
mvar_000e80,multivariate_regression,SGD,0.0003,silu,False,4,last,0,1.582442283630371,0.010686984339732815,True,0.9972440670084614,0.005663000279280548,,batch6,['exp:716c840e36d1/85e04c38']
mvar_000e80,multivariate_regression,SGD,0.0003,silu,False,4,dense,0,1.5650221586227417,0.0224659514300284,True,0.9862660259828198,0.00797147082287894,,batch6,['exp:716c840e36d1/1e88a5c4']
mvar_000e80,multivariate_regression,SGD,0.0003,silu,False,5,early,4,1.6041377663612366,0.0299292751087441,True,1.0109164085896054,0.009546132408719236,,batch6,['exp:716c840e36d1/105098e3']
mvar_000e80,multivariate_regression,SGD,0.0003,silu,False,5,middle,2,1.604124331474304,0.029062090334097148,True,1.0109079420177607,0.009373285903085796,,batch6,['exp:716c840e36d1/d052d1b1']
mvar_000e80,multivariate_regression,SGD,0.0003,silu,False,5,last,0,1.5820342421531677,0.012384625588518106,True,0.9969869221214447,0.0060004028462299,,batch6,['exp:716c840e36d1/6bd8f847']
mvar_000e80,multivariate_regression,SGD,0.0003,silu,False,5,dense,0,1.5507315158843995,0.03168648522407694,True,0.9772601628104488,0.00977707264843588,,batch6,['exp:716c840e36d1/56f00676']
mvar_000e80,multivariate_regression,SGD,0.0003,silu,True,1,shallow,0,1.5911163687705994,0.0203122428778155,True,1.0,,,batch6,['exp:716c840e36d1/dc70a3bd']
mvar_000e80,multivariate_regression,SGD,0.0003,silu,True,4,early,3,1.5725643396377564,0.014038436371872779,True,0.9883402436823792,0.0067799846166980635,,batch6,['exp:716c840e36d1/af86833c']
mvar_000e80,multivariate_regression,SGD,0.0003,silu,True,4,middle,1,1.5750682711601258,0.007645592011122117,True,0.9899139384614128,0.005515786331725285,,batch6,['exp:716c840e36d1/ce7c987a']
mvar_000e80,multivariate_regression,SGD,0.0003,silu,True,4,last,0,1.5841048955917358,0.012264879830840287,True,0.995593362423717,0.006456778275377431,,batch7,['exp:cdb48c9fa8c9/bd9a1f46']
mvar_000e80,multivariate_regression,SGD,0.0003,silu,True,4,dense,0,1.5393084168434144,0.05705436344717352,True,0.9674392439522099,0.015244844570077956,,batch7,['exp:cdb48c9fa8c9/cdf498d5']
mvar_000e80,multivariate_regression,SGD,0.0003,silu,True,5,early,4,1.5845840692520141,0.03351321856042644,True,0.9958945180586429,0.010681013052598682,,batch7,['exp:cdb48c9fa8c9/24574d72']
mvar_000e80,multivariate_regression,SGD,0.0003,silu,True,5,middle,2,1.5826849818229676,0.019826048431747297,True,0.99470096146761,0.007955926513175633,,batch7,['exp:cdb48c9fa8c9/ea0ff8fd']
mvar_000e80,multivariate_regression,SGD,0.0003,silu,True,5,last,0,1.5755319237709045,0.01166378457364419,True,0.9902053392790268,0.0063155617824200965,,batch7,['exp:cdb48c9fa8c9/f8335ad2']
mvar_000e80,multivariate_regression,SGD,0.0003,silu,True,5,dense,0,1.507995843887329,0.07470013210582052,True,0.9477596192744252,0.018672421629254612,,batch7,['exp:cdb48c9fa8c9/ee98ddb8']
mvar_000e80,multivariate_regression,SGD,0.0003,relu,False,1,shallow,0,1.5591779470443725,0.029626725336445302,True,1.0,,,batch7,['exp:cdb48c9fa8c9/1615bbdc']
mvar_000e80,multivariate_regression,SGD,0.0003,relu,False,4,early,3,1.5893192529678344,0.02459164564139215,True,1.0193315368400373,0.011112565781541012,,batch7,['exp:cdb48c9fa8c9/66ed236d']
mvar_000e80,multivariate_regression,SGD,0.0003,relu,False,4,middle,1,1.5601138710975646,0.015264331744792314,True,1.0006002676313928,0.009108275617378044,,batch7,['exp:cdb48c9fa8c9/33755ab8']
mvar_000e80,multivariate_regression,SGD,0.0003,relu,False,4,last,0,1.559575378894806,0.02312899965618555,True,1.0002548983271518,0.010701288573477567,,batch7,['exp:cdb48c9fa8c9/4a6a4d2a']
mvar_000e80,multivariate_regression,SGD,0.0003,relu,False,4,dense,0,1.182679545879364,0.08803812361860566,True,0.7585276254844991,0.02241346964757946,,batch7,['exp:cdb48c9fa8c9/515d1343']
mvar_000e80,multivariate_regression,SGD,0.0003,relu,False,5,early,4,1.603777253627777,0.03134253490243042,True,1.0286043723668286,0.012537479411177591,,batch7,['exp:cdb48c9fa8c9/c15687f7']
mvar_000e80,multivariate_regression,SGD,0.0003,relu,False,5,middle,2,1.5958824515342713,0.02961711799217941,True,1.0235409335794396,0.012157110353998375,,batch8,['exp:20f7d903a4d4/2f2ce7ec']
mvar_000e80,multivariate_regression,SGD,0.0003,relu,False,5,last,0,1.5776283025741578,0.01977011500855185,True,1.0118333866668396,0.010089622581285962,,batch8,['exp:20f7d903a4d4/aa10a79b']
mvar_000e80,multivariate_regression,SGD,0.0003,relu,False,5,dense,0,0.9475440561771393,0.08497500501203077,True,0.6077202784796527,0.020886045532359065,,batch8,['exp:20f7d903a4d4/af9ae3f4']
mvar_000e80,multivariate_regression,SGD,0.0003,relu,True,1,shallow,0,1.5608239650726319,0.037669521155440665,True,1.0,,,batch8,['exp:20f7d903a4d4/80af402f']
mvar_000e80,multivariate_regression,SGD,0.0003,relu,True,4,early,3,1.5338454961776733,0.03492326509396462,True,0.9827152391950215,0.014575606535906843,,batch8,['exp:20f7d903a4d4/91ef6bae']
mvar_000e80,multivariate_regression,SGD,0.0003,relu,True,4,middle,1,1.5441693305969237,0.037397230103890754,True,0.989329588186498,0.015127319961075131,,batch8,['exp:20f7d903a4d4/3d7c5c51']
mvar_000e80,multivariate_regression,SGD,0.0003,relu,True,4,last,0,1.5441668033599854,0.04337718074453667,True,0.9893279690180363,0.016338864111167178,,batch8,['exp:20f7d903a4d4/5fa441c8']
mvar_000e80,multivariate_regression,SGD,0.0003,relu,True,4,dense,0,1.3285831093788147,0.14517953256874888,True,0.8512062468985668,0.035910195989852366,,batch8,['exp:20f7d903a4d4/4660d891']
mvar_000e80,multivariate_regression,SGD,0.0003,relu,True,5,early,4,1.5293661832809449,0.06237947275278067,True,0.9798454005732651,0.020116416685463382,,batch8,['exp:20f7d903a4d4/a48f1e56']
mvar_000e80,multivariate_regression,SGD,0.0003,relu,True,5,middle,2,1.5137471675872802,0.049660532370231464,True,0.9698384965000452,0.01746314769196298,,batch8,['exp:20f7d903a4d4/65e0461e']
mvar_000e80,multivariate_regression,SGD,0.0003,relu,True,5,last,0,1.5245323300361633,0.05924167009138219,True,0.9767484124740615,0.019457052060717798,,batch8,['exp:20f7d903a4d4/ce0075a8']
mvar_000e80,multivariate_regression,SGD,0.0003,relu,True,5,dense,0,1.2177282094955444,0.18407108292473323,True,0.7801829269317236,0.04324769721120711,,batch8,['exp:20f7d903a4d4/88032cd9']
mvar_00ccf0,multivariate_regression,Adagrad,0.0003,silu,False,1,shallow,0,inf,inf,False,,,,repbatch_fixed0,"['exp:312d982da7c4/a1fd4d2c', 'exp:fee06d110035/fbc59e8b']"
mvar_00ccf0,multivariate_regression,Adagrad,0.0003,silu,False,4,early,3,1.574971662627326,0.1953145395871427,True,,,,repbatch_fixed0,['exp:312d982da7c4/eda0ef11']
mvar_00ccf0,multivariate_regression,Adagrad,0.0003,silu,False,4,middle,1,1.5641357898712158,0.1289188857569521,True,,,,repbatch_fixed0,['exp:312d982da7c4/a6cbc7ee']
mvar_00ccf0,multivariate_regression,Adagrad,0.0003,silu,False,4,last,0,1.4519961476325989,0.1314938320977526,True,,,,repbatch_fixed0,['exp:312d982da7c4/4bcca6f8']
mvar_00ccf0,multivariate_regression,Adagrad,0.0003,silu,False,4,dense,0,0.9992861688137055,0.17658008373896456,True,,,,repbatch_fixed0,['exp:312d982da7c4/2f9eb720']
mvar_00ccf0,multivariate_regression,Adagrad,0.0003,silu,False,5,early,4,1.3687228560447693,0.14357756424593113,True,,,,repbatch_fixed0,['exp:312d982da7c4/895b0c0e']
mvar_00ccf0,multivariate_regression,Adagrad,0.0003,silu,False,5,middle,2,1.4850389122962953,0.1320026861213571,True,,,,repbatch_fixed0,['exp:312d982da7c4/41a05e82']
mvar_00ccf0,multivariate_regression,Adagrad,0.0003,silu,False,5,last,0,1.57094646692276,0.13399338641303152,True,,,,repbatch_fixed0,['exp:312d982da7c4/b1238aee']
mvar_00ccf0,multivariate_regression,Adagrad,0.0003,silu,False,5,dense,0,1.0050807297229767,0.17650999843891363,True,,,,repbatch_fixed0,['exp:312d982da7c4/14ca4219']
mvar_00ccf0,multivariate_regression,Adagrad,0.0003,silu,True,1,shallow,0,1.8793132305145264,0.0,True,1.0,,,repbatch_fixed0,['exp:312d982da7c4/c47cc606']
mvar_00ccf0,multivariate_regression,Adagrad,0.0003,silu,True,4,early,3,0.7879075169563293,0.09860631045299884,True,0.4192528973685843,0.01659225974861968,,repbatch_fixed0,['exp:312d982da7c4/9be2ec45']
mvar_00ccf0,multivariate_regression,Adagrad,0.0003,silu,True,4,middle,1,1.0394623517990111,0.11076189040753585,True,0.5531075580808967,0.018637651560505075,,repbatch_fixed0,['exp:312d982da7c4/86397b29']
mvar_00ccf0,multivariate_regression,Adagrad,0.0003,silu,True,4,last,0,1.335771369934082,0.10604590758807139,True,0.7107763348041608,0.01784410384990617,,repbatch_fixed1,['exp:4c153aa41441/c41d64e9']
mvar_00ccf0,multivariate_regression,Adagrad,0.0003,silu,True,4,dense,0,0.6017794221639633,0.10049878437834212,True,0.3202124118496232,0.016910702034843874,,repbatch_fixed1,['exp:4c153aa41441/81fe70f1']
mvar_00ccf0,multivariate_regression,Adagrad,0.0003,silu,True,5,early,4,0.6554530084133148,0.10345369649497377,True,0.3487726248986509,0.017407918380818666,,repbatch_fixed1,['exp:4c153aa41441/8767b425']
mvar_00ccf0,multivariate_regression,Adagrad,0.0003,silu,True,5,middle,2,0.8010040760040283,0.07939790841602762,True,0.4262216979043595,0.013360105594497296,,repbatch_fixed1,['exp:4c153aa41441/7316480d']
mvar_00ccf0,multivariate_regression,Adagrad,0.0003,silu,True,5,last,0,1.381327223777771,0.13650129881141793,True,0.7350170271507029,0.022968763312390193,,repbatch_fixed1,['exp:4c153aa41441/77f478ac']
mvar_00ccf0,multivariate_regression,Adagrad,0.0003,silu,True,5,dense,0,0.5218826979398727,0.04424140697126226,True,0.2776986238728227,0.007444400999685233,,repbatch_fixed1,['exp:4c153aa41441/418a474e']
mvar_00ccf0,multivariate_regression,Adagrad,0.0003,relu,False,1,shallow,0,inf,inf,False,,,,repbatch_fixed1,['exp:4c153aa41441/bc252921']
mvar_00ccf0,multivariate_regression,Adagrad,0.0003,relu,False,4,early,3,1.7235540946324666,0.19084535323638974,True,,,,repbatch_fixed1,['exp:4c153aa41441/45f8dc95']
mvar_00ccf0,multivariate_regression,Adagrad,0.0003,relu,False,4,middle,1,1.7415223291942052,0.1819422429551295,True,,,,repbatch_fixed1,['exp:4c153aa41441/58c7a83e']
mvar_00ccf0,multivariate_regression,Adagrad,0.0003,relu,False,4,last,0,1.7023690044879913,0.2779506061606022,True,,,,repbatch_fixed1,['exp:4c153aa41441/cd76a25b']
mvar_00ccf0,multivariate_regression,Adagrad,0.0003,relu,False,4,dense,0,1.2173361361026764,0.2792476276278306,True,,,,repbatch_fixed1,['exp:4c153aa41441/28d6c8c5']
mvar_00ccf0,multivariate_regression,Adagrad,0.0003,relu,False,5,early,4,1.597541183233261,0.20517512699803592,True,,,,repbatch_fixed1,['exp:4c153aa41441/6a1f7a51']
mvar_00ccf0,multivariate_regression,Adagrad,0.0003,relu,False,5,middle,2,1.6445701360702514,0.1679748853271998,True,,,,repbatch_fixed2,['exp:a2ac03cef723/871e770a']
mvar_00ccf0,multivariate_regression,Adagrad,0.0003,relu,False,5,last,0,1.8228969335556031,0.08227415881318173,True,,,,repbatch_fixed2,['exp:a2ac03cef723/cca549a2']
mvar_00ccf0,multivariate_regression,Adagrad,0.0003,relu,False,5,dense,0,1.4186570525169373,0.25012175106215856,True,,,,repbatch_fixed2,['exp:a2ac03cef723/b5c68075']
mvar_00ccf0,multivariate_regression,Adagrad,0.0003,relu,True,1,shallow,0,1.414716362953186,0.0,True,1.0,,,repbatch_fixed2,['exp:a2ac03cef723/811ab56e']
mvar_00ccf0,multivariate_regression,Adagrad,0.0003,relu,True,4,early,3,0.6630681455135345,0.09613780957561582,True,0.4686933458021196,0.021489427526226446,,repbatch_fixed2,['exp:a2ac03cef723/29334bd3']
mvar_00ccf0,multivariate_regression,Adagrad,0.0003,relu,True,4,middle,1,0.7849863231182098,0.08886693198160349,True,0.554871876564409,0.01986418769812637,,repbatch_fixed2,['exp:a2ac03cef723/e5ad0904']
mvar_00ccf0,multivariate_regression,Adagrad,0.0003,relu,True,4,last,0,0.9582578241825104,0.10934624639797233,True,0.6773497849294472,0.024441874093105206,,repbatch_fixed2,['exp:a2ac03cef723/7806e3df']
mvar_00ccf0,multivariate_regression,Adagrad,0.0003,relu,True,4,dense,0,0.500283807516098,0.05830608203422866,True,0.3536283460182561,0.013033002621380399,,repbatch_fixed2,['exp:a2ac03cef723/ef3d1291']
mvar_00ccf0,multivariate_regression,Adagrad,0.0003,relu,True,5,early,4,0.5678729712963104,0.09714942686758019,True,0.40140411616565275,0.021715551634690217,,repbatch_fixed2,['exp:a2ac03cef723/47b8a6f1']
mvar_00ccf0,multivariate_regression,Adagrad,0.0003,relu,True,5,middle,2,0.6264498710632325,0.10359262321651139,True,0.4428095181959538,0.02315578208708782,,repbatch_fixed2,['exp:a2ac03cef723/4736baa8']
mvar_00ccf0,multivariate_regression,Adagrad,0.0003,relu,True,5,last,0,0.8731896579265594,0.1271815533740481,True,0.6172188862676312,0.028428552574363147,,repbatch_fixed2,['exp:a2ac03cef723/0b5e3ed1']
mvar_00ccf0,multivariate_regression,Adagrad,0.0003,relu,True,5,dense,0,0.46050977110862734,0.05286048512625389,True,0.32551385080987144,0.011815762904690951,,repbatch_fixed2,['exp:a2ac03cef723/dcff56b3']
mvar_00ccf0,multivariate_regression,Adam,0.0003,silu,False,1,shallow,0,0.4468029648065567,0.008455146112116013,True,1.0,,,repbatch_fixed3,['exp:58e4479cb22b/e3dd439d']
mvar_00ccf0,multivariate_regression,Adam,0.0003,silu,False,4,early,3,0.4504596769809723,0.014642786783727291,True,1.0081841716873987,0.01639669102816622,,repbatch_fixed3,['exp:58e4479cb22b/082cab38']
mvar_00ccf0,multivariate_regression,Adam,0.0003,silu,False,4,middle,1,0.42567865252494813,0.01622672688493728,True,0.9527211904452014,0.017185834369471333,,repbatch_fixed3,['exp:58e4479cb22b/593512f4']
mvar_00ccf0,multivariate_regression,Adam,0.0003,silu,False,4,last,0,0.4283166199922562,0.01642739363395251,True,0.9586252861542578,0.0173631887997425,,repbatch_fixed3,['exp:58e4479cb22b/f1d2c870']
mvar_00ccf0,multivariate_regression,Adam,0.0003,silu,False,4,dense,0,0.40644999742507937,0.025867998894335564,True,0.9096850948629042,0.02375197267872441,,repbatch_fixed3,['exp:58e4479cb22b/fac0e50d']
mvar_00ccf0,multivariate_regression,Adam,0.0003,silu,False,5,early,4,0.43803916573524476,0.010858820718616569,True,0.9803855395742367,0.013552211732289156,,repbatch_fixed3,['exp:58e4479cb22b/62f99077']
mvar_00ccf0,multivariate_regression,Adam,0.0003,silu,False,5,middle,2,0.4124545186758041,0.008019854531645788,True,0.9231239520856275,0.011200250577098938,,repbatch_fixed3,['exp:58e4479cb22b/f6c5187e']
mvar_00ccf0,multivariate_regression,Adam,0.0003,silu,False,5,last,0,0.41829157173633574,0.010038089069865449,True,0.9361879948971132,0.012706847136427403,,repbatch_fixed3,['exp:58e4479cb22b/c82fb32e']
mvar_00ccf0,multivariate_regression,Adam,0.0003,silu,False,5,dense,0,0.4030327707529068,0.04265086729882011,True,0.9020369211905293,0.035584391171734835,,repbatch_fixed3,['exp:58e4479cb22b/760bc6cd']
mvar_00ccf0,multivariate_regression,Adam,0.0003,silu,True,1,shallow,0,0.44132120013237,0.009782112074016514,True,1.0,,,repbatch_fixed3,['exp:58e4479cb22b/f21d581c']
mvar_00ccf0,multivariate_regression,Adam,0.0003,silu,True,4,early,3,0.4160140842199326,0.016307382662973612,True,0.9426560158341662,0.01829242774208597,,repbatch_fixed3,['exp:58e4479cb22b/8864598f']
mvar_00ccf0,multivariate_regression,Adam,0.0003,silu,True,4,middle,1,0.4142035454511642,0.014172649208385575,True,0.9385534738121076,0.01673403287244159,,repbatch_fixed3,['exp:58e4479cb22b/7b4ab661']
mvar_00ccf0,multivariate_regression,Adam,0.0003,silu,True,4,last,0,0.4193012237548828,0.01920413101696263,True,0.9501044219700244,0.020420295102823043,,repbatch_fixed4,['exp:6e087802b6ec/10207016']
mvar_00ccf0,multivariate_regression,Adam,0.0003,silu,True,4,dense,0,0.3941532462835312,0.01803267342536494,True,0.8931210333093194,0.019181473055655218,,repbatch_fixed4,['exp:6e087802b6ec/92ecb8f4']
mvar_00ccf0,multivariate_regression,Adam,0.0003,silu,True,5,early,4,0.4064740419387817,0.009113429943101386,True,0.9210390115336943,0.012986095059454947,,repbatch_fixed4,['exp:6e087802b6ec/333f6892']
mvar_00ccf0,multivariate_regression,Adam,0.0003,silu,True,5,middle,2,0.39798004031181333,0.006917385450063424,True,0.9017922551475958,0.011277616773025472,,repbatch_fixed4,['exp:6e087802b6ec/819732ac']
mvar_00ccf0,multivariate_regression,Adam,0.0003,silu,True,5,last,0,0.40620926916599276,0.008887754341959389,True,0.920439056732725,0.012820182393979185,,repbatch_fixed4,['exp:6e087802b6ec/d044502e']
mvar_00ccf0,multivariate_regression,Adam,0.0003,silu,True,5,dense,0,0.3641642302274704,0.029720097139069094,True,0.8251682224154265,0.027079766483624094,,repbatch_fixed4,['exp:6e087802b6ec/d3be2369']
mvar_00ccf0,multivariate_regression,Adam,0.0003,relu,False,1,shallow,0,0.43947661519050596,0.013800153359610693,True,1.0,,,repbatch_fixed4,['exp:6e087802b6ec/6053cbe8']
mvar_00ccf0,multivariate_regression,Adam,0.0003,relu,False,4,early,3,0.4075494945049286,0.015138436565873664,True,0.9273519464244133,0.020101524945787277,,repbatch_fixed4,['exp:6e087802b6ec/4e45bafd']
mvar_00ccf0,multivariate_regression,Adam,0.0003,relu,False,4,middle,1,0.32617116868495943,0.020759511262754406,True,0.7421809429918576,0.02230745614767256,,repbatch_fixed4,['exp:6e087802b6ec/2316dd97']
mvar_00ccf0,multivariate_regression,Adam,0.0003,relu,False,4,last,0,0.3428906798362732,0.028373062309407525,True,0.7802250858959484,0.028163605195459913,,repbatch_fixed4,['exp:6e087802b6ec/91bdbe5c']
mvar_00ccf0,multivariate_regression,Adam,0.0003,relu,False,4,dense,0,0.2547660917043686,0.02285937985126139,True,0.5797034083234023,0.02220503009532565,,repbatch_fixed4,['exp:6e087802b6ec/93acc14c']
mvar_00ccf0,multivariate_regression,Adam,0.0003,relu,False,5,early,4,0.4046287626028061,0.019909270475275142,True,0.9207060139648298,0.023468410245677338,,repbatch_fixed4,['exp:6e087802b6ec/dda9472b']
mvar_00ccf0,multivariate_regression,Adam,0.0003,relu,False,5,middle,2,0.31478172540664673,0.03736290182723531,True,0.7162650173552328,0.03399717078868372,,repbatch_fixed5,['exp:2e1048525bb9/5e0015c6']
mvar_00ccf0,multivariate_regression,Adam,0.0003,relu,False,5,last,0,0.3629230886697769,0.04212993733903919,True,0.8258075085803045,0.03851507103808445,,repbatch_fixed5,['exp:2e1048525bb9/00271ca2']
mvar_00ccf0,multivariate_regression,Adam,0.0003,relu,False,5,dense,0,0.23595732301473618,0.02621888644551903,True,0.536905297935938,0.02419739701050606,,repbatch_fixed5,['exp:2e1048525bb9/b7964132']
mvar_00ccf0,multivariate_regression,Adam,0.0003,relu,True,1,shallow,0,0.4246770590543747,0.018088790506603322,True,1.0,,,repbatch_fixed5,['exp:2e1048525bb9/766de650']
mvar_00ccf0,multivariate_regression,Adam,0.0003,relu,True,4,early,3,0.32261292040348055,0.021004652606527383,True,0.7596664654357369,0.025873028447027317,,repbatch_fixed5,['exp:2e1048525bb9/d8513391']
mvar_00ccf0,multivariate_regression,Adam,0.0003,relu,True,4,middle,1,0.3292811155319214,0.020744026622078623,True,0.775368267513977,0.025890453280481503,,repbatch_fixed5,['exp:2e1048525bb9/ae9bfdad']
mvar_00ccf0,multivariate_regression,Adam,0.0003,relu,True,4,last,0,0.3513901025056839,0.020540118071040957,True,0.8274289722362722,0.026439847078618104,,repbatch_fixed5,['exp:2e1048525bb9/bec5c799']
mvar_00ccf0,multivariate_regression,Adam,0.0003,relu,True,4,dense,0,0.2596734344959259,0.0234089335470375,True,0.6114609418133836,0.025667080055751995,,repbatch_fixed5,['exp:2e1048525bb9/a135f079']
mvar_00ccf0,multivariate_regression,Adam,0.0003,relu,True,5,early,4,0.29877517074346543,0.03237032296084648,True,0.703534990584954,0.0335801990103028,,repbatch_fixed5,['exp:2e1048525bb9/480bcf1f']
mvar_00ccf0,multivariate_regression,Adam,0.0003,relu,True,5,middle,2,0.30096004009246824,0.026037620154748333,True,0.7086797689581202,0.028933968722946332,,repbatch_fixed5,['exp:2e1048525bb9/c9ca21c7']
mvar_00ccf0,multivariate_regression,Adam,0.0003,relu,True,5,last,0,0.3391271263360977,0.024377081463919637,True,0.7985529689106108,0.02890802487667019,,repbatch_fixed5,['exp:2e1048525bb9/8974791e']
mvar_00ccf0,multivariate_regression,Adam,0.0003,relu,True,5,dense,0,0.2488236114382744,0.03988276280613066,True,0.5859125331430148,0.037589882750147685,,repbatch_fixed5,['exp:2e1048525bb9/3bb995c2']
mvar_00ccf0,multivariate_regression,SGD,0.0003,silu,False,1,shallow,0,1.0532097101211548,0.09501100828067244,True,1.0,,,repbatch_fixed6,['exp:ff63d3b15b12/53b5a8fe']
mvar_00ccf0,multivariate_regression,SGD,0.0003,silu,False,4,early,3,inf,inf,False,,,,repbatch_fixed6,['exp:ff63d3b15b12/0701d593']
mvar_00ccf0,multivariate_regression,SGD,0.0003,silu,False,4,middle,1,1.3030300736427307,0.06091859831336203,True,1.2371990697776971,0.05358471808622191,,repbatch_fixed6,['exp:ff63d3b15b12/ffeb581b']
mvar_00ccf0,multivariate_regression,SGD,0.0003,silu,False,4,last,0,1.4299655079841613,0.030396710503608905,True,1.357721538495564,0.04785864431713277,,repbatch_fixed6,['exp:ff63d3b15b12/df2cb535']
mvar_00ccf0,multivariate_regression,SGD,0.0003,silu,False,4,dense,0,0.48146591782569886,0.03230724999120152,True,0.4571415485433703,0.0227412655227193,,repbatch_fixed6,['exp:ff63d3b15b12/c854625a']
mvar_00ccf0,multivariate_regression,SGD,0.0003,silu,False,5,early,4,inf,inf,False,,,,repbatch_fixed6,['exp:ff63d3b15b12/096c0b86']
mvar_00ccf0,multivariate_regression,SGD,0.0003,silu,False,5,middle,2,inf,inf,False,,,,repbatch_fixed6,['exp:ff63d3b15b12/c4d3b022']
mvar_00ccf0,multivariate_regression,SGD,0.0003,silu,False,5,last,0,1.4913985133171082,0.013920420178731897,True,1.4160508576639943,0.044575585759148335,,repbatch_fixed6,['exp:ff63d3b15b12/f5e939ac']
mvar_00ccf0,multivariate_regression,SGD,0.0003,silu,False,5,dense,0,0.4568861186504364,0.023068680349160587,True,0.43380355712622415,0.019301603951815623,,repbatch_fixed6,['exp:ff63d3b15b12/80ddcb5a']
mvar_00ccf0,multivariate_regression,SGD,0.0003,silu,True,1,shallow,0,0.9665249288082123,0.08554393435582855,True,1.0,,,repbatch_fixed6,['exp:ff63d3b15b12/c330de06']
mvar_00ccf0,multivariate_regression,SGD,0.0003,silu,True,4,early,3,0.6923381745815277,0.10244898315736806,True,0.7163169349757232,0.05356774979335925,,repbatch_fixed6,['exp:ff63d3b15b12/a0dbdc1a']
mvar_00ccf0,multivariate_regression,SGD,0.0003,silu,True,4,middle,1,0.8023754239082337,0.056814245757255875,True,0.8301652652638918,0.0418233883928669,,repbatch_fixed6,['exp:ff63d3b15b12/1947b034']
mvar_00ccf0,multivariate_regression,SGD,0.0003,silu,True,4,last,0,0.9254190444946289,0.10414516674868973,True,0.957470435486574,0.060872178313714755,,repbatch_fixed7,['exp:697dcf6d3482/4335d1c8']
mvar_00ccf0,multivariate_regression,SGD,0.0003,silu,True,4,dense,0,0.47199246287345886,0.05472046975131931,True,0.48833966802641715,0.03157123701789243,,repbatch_fixed7,['exp:697dcf6d3482/c7d3e049']
mvar_00ccf0,multivariate_regression,SGD,0.0003,silu,True,5,early,4,0.6461996227502823,0.10145774221539622,True,0.668580399211315,0.05190737206134025,,repbatch_fixed7,['exp:697dcf6d3482/606e050e']
mvar_00ccf0,multivariate_regression,SGD,0.0003,silu,True,5,middle,2,0.6934872090816497,0.08382621669500065,True,0.7175057656679009,0.04750802369088986,,repbatch_fixed7,['exp:697dcf6d3482/470b93e2']
mvar_00ccf0,multivariate_regression,SGD,0.0003,silu,True,5,last,0,1.013747638463974,0.08287601889654032,True,1.048858242812206,0.056471122691924926,,repbatch_fixed7,['exp:697dcf6d3482/98064917']
mvar_00ccf0,multivariate_regression,SGD,0.0003,silu,True,5,dense,0,0.439631187915802,0.016326666001729495,True,0.45485757771182966,0.018072440741253623,,repbatch_fixed7,['exp:697dcf6d3482/476af3c0']
mvar_00ccf0,multivariate_regression,SGD,0.0003,relu,False,1,shallow,0,0.9661676466464997,0.08712234599437765,True,1.0,,,repbatch_fixed7,['exp:697dcf6d3482/40f56cea']
mvar_00ccf0,multivariate_regression,SGD,0.0003,relu,False,4,early,3,inf,inf,False,,,,repbatch_fixed7,['exp:697dcf6d3482/76a24341']
mvar_00ccf0,multivariate_regression,SGD,0.0003,relu,False,4,middle,1,0.9600986361503601,0.1660031433718635,True,0.9937184705809549,0.08266914028300315,,repbatch_fixed7,['exp:697dcf6d3482/cf211ef0']
mvar_00ccf0,multivariate_regression,SGD,0.0003,relu,False,4,last,0,0.990369176864624,0.15813766052591838,True,1.0250489967265268,0.08098815638510806,,repbatch_fixed7,['exp:697dcf6d3482/5555dff2']
mvar_00ccf0,multivariate_regression,SGD,0.0003,relu,False,4,dense,0,0.42809879779815674,0.031131852150600568,True,0.44308956037190617,0.022824296811657072,,repbatch_fixed7,['exp:697dcf6d3482/80c9352f']
mvar_00ccf0,multivariate_regression,SGD,0.0003,relu,False,5,early,4,inf,inf,False,,,,repbatch_fixed7,['exp:697dcf6d3482/996b5b67']
mvar_00ccf0,multivariate_regression,SGD,0.0003,relu,False,5,middle,2,1.196964681148529,0.1062253891218856,True,1.238878868799954,0.07009462178461838,,repbatch_fixed8,['exp:8445d4e0af85/ff577a8f']
mvar_00ccf0,multivariate_regression,SGD,0.0003,relu,False,5,last,0,1.3900424122810364,0.03010615719474682,True,1.4387176150078886,0.050879161214948614,,repbatch_fixed8,['exp:8445d4e0af85/f316ecfc']
mvar_00ccf0,multivariate_regression,SGD,0.0003,relu,False,5,dense,0,0.40143763422966006,0.020692585874203133,True,0.41549480115901416,0.018620641871544566,,repbatch_fixed8,['exp:8445d4e0af85/5c9d3967']
mvar_00ccf0,multivariate_regression,SGD,0.0003,relu,True,1,shallow,0,0.8460993766784668,0.0806090981877913,True,1.0,,,repbatch_fixed8,['exp:8445d4e0af85/f724a3c5']
mvar_00ccf0,multivariate_regression,SGD,0.0003,relu,True,4,early,3,0.5532648861408234,0.03744114195439959,True,0.6539005953565122,0.03369391548121632,,repbatch_fixed8,['exp:8445d4e0af85/b1cbf9b1']
mvar_00ccf0,multivariate_regression,SGD,0.0003,relu,True,4,middle,1,0.6369354605674744,0.047598054821684735,True,0.7527903673300087,0.040469337953135356,,repbatch_fixed8,['exp:8445d4e0af85/fdca4dc5']
mvar_00ccf0,multivariate_regression,SGD,0.0003,relu,True,4,last,0,0.696060198545456,0.0748418047797829,True,0.8226695560017787,0.05275691237398454,,repbatch_fixed8,['exp:8445d4e0af85/4fb842ff']
mvar_00ccf0,multivariate_regression,SGD,0.0003,relu,True,4,dense,0,0.40475753545761106,0.02385328772808175,True,0.4783806094345184,0.023327511680232848,,repbatch_fixed8,['exp:8445d4e0af85/303bff66']
mvar_00ccf0,multivariate_regression,SGD,0.0003,relu,True,5,early,4,0.48767209947109225,0.03062152989684857,True,0.5763768570372279,0.028809506361913127,,repbatch_fixed8,['exp:8445d4e0af85/500eee3f']
mvar_00ccf0,multivariate_regression,SGD,0.0003,relu,True,5,middle,2,0.55512934923172,0.0844508700926967,True,0.6561041935889279,0.051330085983846724,,repbatch_fixed8,['exp:8445d4e0af85/5667b703']
mvar_00ccf0,multivariate_regression,SGD,0.0003,relu,True,5,last,0,0.6708486169576645,0.10025025156608304,True,0.7928721323388933,0.06135554198475889,,repbatch_fixed8,['exp:8445d4e0af85/f308d0df']
mvar_00ccf0,multivariate_regression,SGD,0.0003,relu,True,5,dense,0,0.3844688951969147,0.01288514197517678,True,0.4544015818877265,0.018505764050028878,,repbatch_fixed8,['exp:8445d4e0af85/b41b241e']
mvar_00d128,multivariate_regression,Adagrad,0.0003,silu,False,1,shallow,0,1.034301644563675,0.11980759587374178,True,1.0,,,core_mvar_00d128,"['exp:307c8bd29e98/1c8eb16f', 'exp:e4d4c7572801/1c8eb16f']"
mvar_00d128,multivariate_regression,Adagrad,0.0003,silu,False,4,early,3,0.9280853569507599,0.05670292488598491,True,0.8973062760064324,0.05020471866106415,,core_mvar_00d128,['exp:307c8bd29e98/e3d58a32']
mvar_00d128,multivariate_regression,Adagrad,0.0003,silu,False,4,middle,1,0.8423759758472442,0.029586273416511006,True,0.8144393661895457,0.03887864720528696,,core_mvar_00d128,['exp:307c8bd29e98/ac0b347c']
mvar_00d128,multivariate_regression,Adagrad,0.0003,silu,False,4,last,0,0.8696035027503968,0.014875640801000052,True,0.840763917684036,0.03534528177634622,,core_mvar_00d128,['exp:307c8bd29e98/2357aad2']
mvar_00d128,multivariate_regression,Adagrad,0.0003,silu,False,4,dense,0,0.6250615298748017,0.01849847938476907,True,0.604331950123203,0.027792422429872413,,core_mvar_00d128,['exp:307c8bd29e98/b76da9b6']
mvar_00d128,multivariate_regression,Adagrad,0.0003,silu,False,5,early,4,0.8940419673919677,0.031001657813913598,True,0.8643919035525884,0.04114114972130944,,core_mvar_00d128,['exp:307c8bd29e98/bc8e90ba']
mvar_00d128,multivariate_regression,Adagrad,0.0003,silu,False,5,middle,2,0.8479825735092164,0.030066886871516246,True,0.8198600262952708,0.039224149020217834,,core_mvar_00d128,"['exp:307c8bd29e98/254b22ff', 'exp:e4d4c7572801/254b22ff']"
mvar_00d128,multivariate_regression,Adagrad,0.0003,silu,False,5,last,0,0.9292666375637054,0.011177313819956826,True,0.8984483805550951,0.036327536865334076,,core_mvar_00d128,"['exp:307c8bd29e98/d8d93586', 'exp:e4d4c7572801/d8d93586']"
mvar_00d128,multivariate_regression,Adagrad,0.0003,silu,False,5,dense,0,0.61917844414711,0.015078758012574805,True,0.5986439714192984,0.026538524791884382,,core_mvar_00d128,"['exp:307c8bd29e98/8db6c75c', 'exp:e4d4c7572801/8db6c75c']"
mvar_00d128,multivariate_regression,Adagrad,0.0003,silu,True,1,shallow,0,1.0138918936252594,0.11613457921861026,True,1.0,,,core_mvar_00d128,['exp:307c8bd29e98/3f8de3fa']
mvar_00d128,multivariate_regression,Adagrad,0.0003,silu,True,5,middle,2,0.6663313925266265,0.0351244209445451,True,0.6572016175650642,0.034760148190764714,,core_mvar_00d128,['exp:307c8bd29e98/b8d175ce']
mvar_00d128,multivariate_regression,Adagrad,0.0003,silu,True,5,last,0,0.7153806447982788,0.03736689879860309,True,0.705578818901858,0.037211874512726256,,core_mvar_00d128,['exp:307c8bd29e98/839d35ab']
sym_00bebe,univariate_regression,Adagrad,0.0003,silu,False,1,shallow,0,inf,inf,False,,,,unicore_sym_00bebe,['exp:76a68a5b9279/bf7ad7e5']
sym_00bebe,univariate_regression,Adagrad,0.0003,silu,False,4,early,3,0.7178186641799079,0.3546278884821095,True,,,,unicore_sym_00bebe,['exp:76a68a5b9279/7b70974d']
sym_00bebe,univariate_regression,Adagrad,0.0003,silu,False,4,middle,1,0.49575845897197723,0.20544430799984684,True,,,,unicore_sym_00bebe,['exp:76a68a5b9279/b82a2e65']
sym_00bebe,univariate_regression,Adagrad,0.0003,silu,False,4,last,0,0.29475036114454267,0.10123552047151932,True,,,,unicore_sym_00bebe,['exp:76a68a5b9279/506264e0']
sym_00bebe,univariate_regression,Adagrad,0.0003,silu,False,4,dense,0,0.20099166482686998,0.05955558330637583,True,,,,unicore_sym_00bebe,['exp:76a68a5b9279/3d93e436']
sym_00bebe,univariate_regression,Adagrad,0.0003,silu,False,5,early,4,0.22913824245333672,0.07437075791326356,True,,,,unicore_sym_00bebe,['exp:76a68a5b9279/53935ac9']
sym_00bebe,univariate_regression,Adagrad,0.0003,silu,False,5,middle,2,0.3024656563997269,0.12731953772211846,True,,,,unicore_sym_00bebe,['exp:76a68a5b9279/dfb9d807']
sym_00bebe,univariate_regression,Adagrad,0.0003,silu,False,5,last,0,0.3958695650100708,0.17565223011565587,True,,,,unicore_sym_00bebe,['exp:76a68a5b9279/597071f6']
sym_00bebe,univariate_regression,Adagrad,0.0003,silu,False,5,dense,0,0.2735813707113266,0.14446836548017777,True,,,,unicore_sym_00bebe,['exp:76a68a5b9279/1d86e1c4']
sym_00bebe,univariate_regression,Adagrad,0.0003,silu,True,1,shallow,0,inf,inf,False,,,,unicore_sym_00bebe,['exp:76a68a5b9279/310edfe5']
sym_00bebe,univariate_regression,Adagrad,0.0003,silu,True,5,middle,2,0.05655350461602211,0.00931077548786167,True,,,,unicore_sym_00bebe,['exp:76a68a5b9279/c08e8ccf']
sym_00bebe,univariate_regression,Adagrad,0.0003,silu,True,5,last,0,0.2412806898355484,0.08466890239155878,True,,,,unicore_sym_00bebe,['exp:76a68a5b9279/b9272925']
sym_02e07a,univariate_regression,Adagrad,0.0003,silu,False,1,shallow,0,0.2031766563653946,0.011601692768273844,True,1.0,,,replacement,['exp:7731f3828f5b/bf7ad7e5']
sym_02e07a,univariate_regression,Adagrad,0.0003,silu,False,4,early,3,0.239000341296196,0.009144369020988646,True,1.1763179174795346,0.03547332695898666,,replacement,['exp:7731f3828f5b/7b70974d']
sym_02e07a,univariate_regression,Adagrad,0.0003,silu,False,4,middle,1,0.14164597764611245,0.019096669774469763,True,0.6971567510756509,0.04231101297686637,,replacement,['exp:7731f3828f5b/b82a2e65']
sym_02e07a,univariate_regression,Adagrad,0.0003,silu,False,4,last,0,0.18854458928108214,0.0022860178419548075,True,0.9279835225853997,0.02031467271599848,,replacement,['exp:7731f3828f5b/506264e0']
sym_02e07a,univariate_regression,Adagrad,0.0003,silu,False,4,dense,0,0.056449349597096445,0.00601862679609771,True,0.2778338348849361,0.014384366043948047,,replacement,['exp:7731f3828f5b/3d93e436']
sym_02e07a,univariate_regression,Adagrad,0.0003,silu,False,5,early,4,0.2493276536464691,0.012454071614769207,True,1.227147144296322,0.04154243449018546,,replacement,['exp:7731f3828f5b/53935ac9']
sym_02e07a,univariate_regression,Adagrad,0.0003,silu,False,5,middle,2,0.10710855573415756,0.019679484350139043,True,0.5271695954161814,0.04014864408464926,,replacement,['exp:7731f3828f5b/dfb9d807']
sym_02e07a,univariate_regression,Adagrad,0.0003,silu,False,5,last,0,0.20057910680770874,0.013526113585018807,True,0.9872153149670186,0.03887851117335898,,replacement,['exp:7731f3828f5b/597071f6']
sym_02e07a,univariate_regression,Adagrad,0.0003,silu,False,5,dense,0,0.04050722289830446,0.011052880583910683,True,0.19936947296472846,0.020802930930196646,,replacement,['exp:7731f3828f5b/1d86e1c4']
sym_02e07a,univariate_regression,Adagrad,0.0003,silu,True,1,shallow,0,0.2001319169998169,0.008339557949687673,True,1.0,,,replacement,['exp:7731f3828f5b/310edfe5']
sym_02e07a,univariate_regression,Adagrad,0.0003,silu,True,5,middle,2,0.1625651404261589,0.015085292743152843,True,0.8122899278794579,0.034540014139681746,,replacement,['exp:7731f3828f5b/c08e8ccf']
sym_02e07a,univariate_regression,Adagrad,0.0003,silu,True,5,last,0,0.13963509649038314,0.01906615750439471,True,0.6977152799196487,0.03932037975158273,,replacement,['exp:7731f3828f5b/b9272925']
sym_018114,univariate_regression,Adagrad,0.0003,silu,False,1,shallow,0,0.017895966488867997,0.0023540096831141193,True,1.0,,,unifull0,"['exp:80ca30900291/bf7ad7e5', 'exp:2ac62037ed79/bf7ad7e5', 'exp:9ab6fc2494fe/bf7ad7e5']"
sym_018114,univariate_regression,Adagrad,0.0003,silu,False,4,early,3,0.03437803164124489,0.0078050304304549106,True,1.9209932954797042,0.2178234374870042,,unifull0,"['exp:80ca30900291/7b70974d', 'exp:2ac62037ed79/7b70974d']"
sym_018114,univariate_regression,Adagrad,0.0003,silu,False,4,middle,1,0.0033460895298048853,0.0009899739757573,True,0.18697450802035676,0.025270592984744444,,unifull0,"['exp:80ca30900291/b82a2e65', 'exp:2ac62037ed79/b82a2e65']"
sym_018114,univariate_regression,Adagrad,0.0003,silu,False,4,last,0,0.005861107632517815,0.0013076165275136414,True,0.3275099803167187,0.036729177980586024,,unifull0,"['exp:80ca30900291/506264e0', 'exp:2ac62037ed79/506264e0']"
sym_018114,univariate_regression,Adagrad,0.0003,silu,False,4,dense,0,0.00018872574291890488,4.986973435122646e-05,True,0.010545713920301528,0.0013198760812624284,,unifull0,"['exp:80ca30900291/3d93e436', 'exp:2ac62037ed79/3d93e436']"
sym_018114,univariate_regression,Adagrad,0.0003,silu,False,5,early,4,0.04062841273844242,0.006123497833804613,True,2.2702552982380086,0.20263814218193477,,unifull0,"['exp:80ca30900291/53935ac9', 'exp:2ac62037ed79/53935ac9', 'exp:9ab6fc2494fe/53935ac9']"
sym_018114,univariate_regression,Adagrad,0.0003,silu,False,5,middle,2,0.001575965282972902,0.0005294179585086168,True,0.0880625968959662,0.013018058534723796,,unifull0,"['exp:80ca30900291/dfb9d807', 'exp:2ac62037ed79/dfb9d807', 'exp:9ab6fc2494fe/dfb9d807']"
sym_018114,univariate_regression,Adagrad,0.0003,silu,False,5,last,0,0.007128871511667967,0.0011794795254259332,True,0.39835074099531914,0.03741165649783072,,unifull0,"['exp:80ca30900291/597071f6', 'exp:2ac62037ed79/597071f6', 'exp:9ab6fc2494fe/597071f6']"
sym_018114,univariate_regression,Adagrad,0.0003,silu,False,5,dense,0,0.00013340551158762536,5.0544543846891995e-05,True,0.007454501642624828,0.0012032176775198002,,unifull0,"['exp:80ca30900291/1d86e1c4', 'exp:2ac62037ed79/1d86e1c4']"
sym_018114,univariate_regression,Adagrad,0.0003,silu,True,1,shallow,0,0.016178698837757112,0.0021741758837512085,True,1.0,,,unifull0,"['exp:80ca30900291/310edfe5', 'exp:2ac62037ed79/310edfe5']"
sym_018114,univariate_regression,Adagrad,0.0003,silu,True,4,early,3,0.006163437617942691,0.001858568088694678,True,0.3809600314432419,0.05251683807294108,,unifull0,['exp:2ac62037ed79/4658c583']
sym_018114,univariate_regression,Adagrad,0.0003,silu,True,4,middle,1,0.0072479936061427,0.0026985556890112192,True,0.44799607674429676,0.07178396321640464,,unifull0,['exp:2ac62037ed79/52abe3e3']
sym_018114,univariate_regression,Adagrad,0.0003,silu,True,4,last,0,0.006034862692467868,0.0026787919193530323,True,0.37301285801698586,0.068211152800898,,unifull1,['exp:077e30bf5aab/bd1ce34a']
sym_018114,univariate_regression,Adagrad,0.0003,silu,True,4,dense,0,0.0006368482281686738,0.0003015175301542084,True,0.03936337739858451,0.0075662392462527185,,unifull1,['exp:077e30bf5aab/90d9c839']
sym_018114,univariate_regression,Adagrad,0.0003,silu,True,5,early,4,0.0031787848798558115,0.0011962967042055295,True,0.1964796373140532,0.03173239233560886,,unifull1,['exp:077e30bf5aab/7820653d']
sym_018114,univariate_regression,Adagrad,0.0003,silu,True,5,middle,2,0.004096168535761535,0.00200228964844229,True,0.2531828162968262,0.049895951653049005,,unifull1,"['exp:80ca30900291/c08e8ccf', 'exp:077e30bf5aab/c08e8ccf']"
sym_018114,univariate_regression,Adagrad,0.0003,silu,True,5,last,0,0.002561653428710997,0.0014113753007423478,True,0.1583349473526713,0.03431529615242517,,unifull1,"['exp:80ca30900291/b9272925', 'exp:077e30bf5aab/b9272925']"
sym_018114,univariate_regression,Adagrad,0.0003,silu,True,5,dense,0,0.00038237095723161476,0.00019629591069921323,True,0.02363422182872054,0.004841153647281537,,unifull1,['exp:077e30bf5aab/af329670']
sym_018114,univariate_regression,Adagrad,0.0003,relu,False,1,shallow,0,0.013365572411566972,0.004520841904227209,True,1.0,,,unifull1,['exp:077e30bf5aab/11decc08']
sym_018114,univariate_regression,Adagrad,0.0003,relu,False,4,early,3,0.015469101164489985,0.003972602835899953,True,1.1573841125653963,0.21778804305763633,,unifull1,['exp:077e30bf5aab/4b8132d1']
sym_018114,univariate_regression,Adagrad,0.0003,relu,False,4,middle,1,0.001316305936779827,0.0010130279750696777,True,0.09848481578242439,0.034502302008288764,,unifull1,['exp:077e30bf5aab/8e7438e0']
sym_018114,univariate_regression,Adagrad,0.0003,relu,False,4,last,0,0.0009485656686592847,0.0007267708957315169,True,0.07097082260677194,0.024786528503946616,,unifull1,['exp:077e30bf5aab/01e7e271']
sym_018114,univariate_regression,Adagrad,0.0003,relu,False,4,dense,0,9.040006316354265e-05,4.9463888580031126e-05,True,0.0067636506974671495,0.0018937667369502299,,unifull1,['exp:077e30bf5aab/7b5906c0']
sym_018114,univariate_regression,Adagrad,0.0003,relu,False,5,early,4,0.01789104789495468,0.005012696002153506,True,1.3385919692800605,0.2617789716714319,,unifull1,['exp:077e30bf5aab/04fb57ee']
sym_018114,univariate_regression,Adagrad,0.0003,relu,False,5,middle,2,0.0021182272583246233,0.0009140729212265146,True,0.15848384140221672,0.038578686758111845,,unifull2,['exp:1ece3310acdd/6a51ee88']
sym_018114,univariate_regression,Adagrad,0.0003,relu,False,5,last,0,0.000882316951174289,0.0007385160963473133,True,0.06601415367819975,0.024534240517926048,,unifull2,['exp:1ece3310acdd/7de00d3c']
sym_018114,univariate_regression,Adagrad,0.0003,relu,False,5,dense,0,4.7941700540832247e-05,3.205191985304788e-05,True,0.0035869545324779387,0.001142014212726088,,unifull2,['exp:1ece3310acdd/b4022dd1']
sym_018114,univariate_regression,Adagrad,0.0003,relu,True,1,shallow,0,0.010396576160565019,0.003672245807539905,True,1.0,,,unifull2,['exp:1ece3310acdd/5c02380c']
sym_018114,univariate_regression,Adagrad,0.0003,relu,True,4,early,3,0.0012090954929590224,0.00079876544789951,True,0.11629746892493424,0.037285748111176416,,unifull2,['exp:1ece3310acdd/a10360df']
sym_018114,univariate_regression,Adagrad,0.0003,relu,True,4,middle,1,0.0012089933632523752,0.0007107284123211722,True,0.11628764552682029,0.034606869773092123,,unifull2,['exp:1ece3310acdd/e57a8353']
sym_018114,univariate_regression,Adagrad,0.0003,relu,True,4,last,0,0.0012775172159308567,0.0006964534068445098,True,0.12287864737398585,0.03490886860335061,,unifull2,['exp:1ece3310acdd/f4e1d567']
sym_018114,univariate_regression,Adagrad,0.0003,relu,True,4,dense,0,0.000423420307924971,0.00035199429930224386,True,0.04072689906615944,0.0152555163568994,,unifull2,['exp:1ece3310acdd/3258e74f']
sym_018114,univariate_regression,Adagrad,0.0003,relu,True,5,early,4,0.00043350803025532514,0.00029701783657309455,True,0.04169719180239867,0.01369170191537153,,unifull2,['exp:1ece3310acdd/17e89670']
sym_018114,univariate_regression,Adagrad,0.0003,relu,True,5,middle,2,0.0004080595237610396,0.0002704113328704234,True,0.03924941417818296,0.012609015057746654,,unifull2,['exp:1ece3310acdd/b2b1d4c9']
sym_018114,univariate_regression,Adagrad,0.0003,relu,True,5,last,0,0.00046841910952935,0.00020468794592298268,True,0.04505513183331434,0.01125841880535718,,unifull2,['exp:1ece3310acdd/8130eeab']
sym_018114,univariate_regression,Adagrad,0.0003,relu,True,5,dense,0,0.0001739827148412587,0.0001105409074095479,True,0.01673461648856938,0.005231476784970435,,unifull2,['exp:1ece3310acdd/7c7cd528']
sym_018114,univariate_regression,Adam,0.0003,silu,False,1,shallow,0,0.0034062199294567106,0.0022442037446765584,True,1.0,,,unifull3,['exp:f502f309f29d/6bcd627c']
sym_018114,univariate_regression,Adam,0.0003,silu,False,4,early,3,0.00011859471342177131,4.351900789218844e-05,True,0.034817103968000994,0.011294310306969542,,unifull3,['exp:f502f309f29d/b346bcbc']
sym_018114,univariate_regression,Adam,0.0003,silu,False,4,middle,1,7.432751444866881e-05,3.930959989893085e-05,True,0.02182111431087892,0.008195825821846137,,unifull3,['exp:f502f309f29d/6db8b53d']
sym_018114,univariate_regression,Adam,0.0003,silu,False,4,last,0,3.8133787165861575e-05,9.252374269780085e-06,True,0.011195339101883502,0.003191502879280642,,unifull3,['exp:f502f309f29d/9bc9ac67']
sym_018114,univariate_regression,Adam,0.0003,silu,False,4,dense,0,6.842971033620416e-05,6.247134655659915e-05,True,0.02008963359776908,0.009985372914699087,,unifull3,['exp:f502f309f29d/d0be515e']
sym_018114,univariate_regression,Adam,0.0003,silu,False,5,early,4,8.194602323783329e-05,4.7751907097872006e-05,True,0.024057760489618066,0.009445596552311182,,unifull3,['exp:f502f309f29d/6177501a']
sym_018114,univariate_regression,Adam,0.0003,silu,False,5,middle,2,6.8032216586289e-05,3.107292659783707e-05,True,0.019972937154747985,0.007046082591414396,,unifull3,['exp:f502f309f29d/e5b6a630']
sym_018114,univariate_regression,Adam,0.0003,silu,False,5,last,0,4.49497347290162e-05,1.4609659424309748e-05,True,0.013196368895705935,0.004105775086525623,,unifull3,['exp:f502f309f29d/8c21dd98']
sym_018114,univariate_regression,Adam,0.0003,silu,False,5,dense,0,7.15081529051531e-05,2.5603367199411714e-05,True,0.02099340453232525,0.006750910302254743,,unifull3,['exp:f502f309f29d/13646ccd']
sym_018114,univariate_regression,Adam,0.0003,silu,True,1,shallow,0,0.0027167115360498427,0.0020081562677263048,True,1.0,,,unifull3,['exp:f502f309f29d/e010af9a']
sym_018114,univariate_regression,Adam,0.0003,silu,True,4,early,3,4.693387882070965e-05,3.943047188446885e-05,True,0.01727598907646725,0.008628028217872955,,unifull3,['exp:f502f309f29d/feddcf9c']
sym_018114,univariate_regression,Adam,0.0003,silu,True,4,middle,1,7.575767413072753e-05,4.2287727768965524e-05,True,0.02788579984494078,0.011440672213664764,,unifull3,['exp:f502f309f29d/427ddad9']
sym_018114,univariate_regression,Adam,0.0003,silu,True,4,last,0,8.111461211228743e-05,4.512639144130909e-05,True,0.029857646288876823,0.012232016931995117,,unifull4,['exp:2b125d19cb8a/20e093bc']
sym_018114,univariate_regression,Adam,0.0003,silu,True,4,dense,0,6.442723170039245e-05,3.2915098064031355e-05,True,0.02371515372370783,0.00937479551654314,,unifull4,['exp:2b125d19cb8a/ddc7eb41']
sym_018114,univariate_regression,Adam,0.0003,silu,True,5,early,4,2.1708702843170612e-05,1.4675815459952447e-05,True,0.007990801583128525,0.003576138672346213,,unifull4,['exp:2b125d19cb8a/89bd19e8']
sym_018114,univariate_regression,Adam,0.0003,silu,True,5,middle,2,3.39399186486844e-05,2.2762531261126857e-05,True,0.012493015249618211,0.005569838121896862,,unifull4,['exp:2b125d19cb8a/65db6510']
sym_018114,univariate_regression,Adam,0.0003,silu,True,5,last,0,4.1701111331349236e-05,1.261908254500217e-05,True,0.015349848807276592,0.005056919666446769,,unifull4,['exp:2b125d19cb8a/1b1c36a2']
sym_018114,univariate_regression,Adam,0.0003,silu,True,5,dense,0,6.451767949329223e-05,4.5181286832496604e-05,True,0.023748446839925573,0.010810373680235527,,unifull4,['exp:2b125d19cb8a/7b5ab663']
sym_018114,univariate_regression,Adam,0.0003,relu,False,1,shallow,0,0.0007830579881556333,0.00044386238309178697,True,1.0,,,unifull4,['exp:2b125d19cb8a/6449eaf8']
sym_018114,univariate_regression,Adam,0.0003,relu,False,4,early,3,6.41885486402316e-05,4.9839755006746706e-05,True,0.08197164145074028,0.03482039178576715,,unifull4,['exp:2b125d19cb8a/29b2ca67']
sym_018114,univariate_regression,Adam,0.0003,relu,False,4,middle,1,2.8992149691475787e-05,3.10759046791335e-05,True,0.037024269121833646,0.019186126899132183,,unifull4,['exp:2b125d19cb8a/1555c004']
sym_018114,univariate_regression,Adam,0.0003,relu,False,4,last,0,2.9732997336395784e-05,2.0353521824102998e-05,True,0.03797036462960689,0.015025618051276977,,unifull4,['exp:2b125d19cb8a/feff6c30']
sym_018114,univariate_regression,Adam,0.0003,relu,False,4,dense,0,4.4325954377200105e-05,5.631664722413162e-05,True,0.05660622207763021,0.03288929860581322,,unifull4,['exp:2b125d19cb8a/ac4e3373']
sym_018114,univariate_regression,Adam,0.0003,relu,False,5,early,4,4.068666203238536e-05,2.2640093605295342e-05,True,0.05195868332588781,0.018456398986763912,,unifull4,['exp:2b125d19cb8a/9db80c58']
sym_018114,univariate_regression,Adam,0.0003,relu,False,5,middle,2,2.1757074773631756e-05,1.862577138170718e-05,True,0.027784755538829295,0.012502138077198134,,unifull5,['exp:e78963a57b12/4c664814']
sym_018114,univariate_regression,Adam,0.0003,relu,False,5,last,0,1.1671971196847154e-05,7.148620131810008e-06,True,0.0149056281570393,0.005558681737220868,,unifull5,['exp:e78963a57b12/8bc084c9']
sym_018114,univariate_regression,Adam,0.0003,relu,False,5,dense,0,2.3279703361822614e-05,2.9036555362035793e-05,True,0.029729220203288137,0.01705493902560505,,unifull5,['exp:e78963a57b12/add1a525']
sym_018114,univariate_regression,Adam,0.0003,relu,True,1,shallow,0,0.0004743246521684341,0.0002916929485534071,True,1.0,,,unifull5,['exp:e78963a57b12/7c91ea1a']
sym_018114,univariate_regression,Adam,0.0003,relu,True,4,early,3,2.7376772322895704e-05,2.1212772236838735e-05,True,0.05771737184171092,0.02536659069027931,,unifull5,['exp:e78963a57b12/e75522c8']
sym_018114,univariate_regression,Adam,0.0003,relu,True,4,middle,1,2.595798287075013e-05,1.4982934430142499e-05,True,0.05472619386759677,0.02063152546788233,,unifull5,['exp:e78963a57b12/4bec2a6c']
sym_018114,univariate_regression,Adam,0.0003,relu,True,4,last,0,2.7913056010220315e-05,2.0062136338319295e-05,True,0.05884799763750906,0.024819344196769802,,unifull5,['exp:e78963a57b12/fb6f6e2f']
sym_018114,univariate_regression,Adam,0.0003,relu,True,4,dense,0,3.671851145554683e-05,2.7803144109715024e-05,True,0.07741219286765634,0.03359036022811314,,unifull5,['exp:e78963a57b12/04fcbbf1']
sym_018114,univariate_regression,Adam,0.0003,relu,True,5,early,4,2.6481487225282763e-05,1.9671718144195947e-05,True,0.05582987749892263,0.02397212546783004,,unifull5,['exp:e78963a57b12/3deccb6a']
sym_018114,univariate_regression,Adam,0.0003,relu,True,5,middle,2,1.7001646028802497e-05,1.703082149792694e-05,True,0.03584390132597443,0.01832481313314591,,unifull5,['exp:e78963a57b12/86ddf097']
sym_018114,univariate_regression,Adam,0.0003,relu,True,5,last,0,2.117905239629181e-05,1.8198282989456685e-05,True,0.044650962794088686,0.02081584853939302,,unifull5,['exp:e78963a57b12/49c92b49']
sym_018114,univariate_regression,Adam,0.0003,relu,True,5,dense,0,2.478595795309957e-05,1.8697683450067506e-05,True,0.0522552598516385,0.022627593652789133,,unifull5,['exp:e78963a57b12/ce8d5cba']
sym_018114,univariate_regression,SGD,0.0003,silu,False,1,shallow,0,0.05743535831570625,0.014409384020301518,True,1.0,,,unifull6,['exp:585ae05cca37/7e7d84ec']
sym_018114,univariate_regression,SGD,0.0003,silu,False,4,early,3,0.12369613200426102,0.015308206332435329,True,2.1536582278173952,0.25514493699602997,,unifull6,['exp:585ae05cca37/b7c8257b']
sym_018114,univariate_regression,SGD,0.0003,silu,False,4,middle,1,0.08302481099963188,0.003291522525486973,True,1.4455348314058998,0.13280431169782514,,unifull6,['exp:585ae05cca37/726f7af7']
sym_018114,univariate_regression,SGD,0.0003,silu,False,4,last,0,0.06710090264678001,0.005423021061860009,True,1.1682856103716623,0.12254429214863444,,unifull6,['exp:585ae05cca37/c956c6fd']
sym_018114,univariate_regression,SGD,0.0003,silu,False,4,dense,0,0.025963246077299117,0.010686186925561914,True,0.4520429024676115,0.09469896693515804,,unifull6,['exp:585ae05cca37/ad372213']
sym_018114,univariate_regression,SGD,0.0003,silu,False,5,early,4,0.12110131829977036,0.017669081031825094,True,2.108480243722168,0.2645592421873107,,unifull6,['exp:585ae05cca37/fbe47422']
sym_018114,univariate_regression,SGD,0.0003,silu,False,5,middle,2,0.11636859104037285,0.015748151066522255,True,2.026079308162873,0.24744568317978938,,unifull6,['exp:585ae05cca37/58f9d984']
sym_018114,univariate_regression,SGD,0.0003,silu,False,5,last,0,0.07252009510993958,0.0016094126597788738,True,1.2626385076474445,0.10903282444209067,,unifull6,['exp:585ae05cca37/4d8e904c']
sym_018114,univariate_regression,SGD,0.0003,silu,False,5,dense,0,0.02006049556657672,0.006936617973222661,True,0.3492708351588883,0.06590113356667242,,unifull6,['exp:585ae05cca37/4b6e16f7']
sym_018114,univariate_regression,SGD,0.0003,silu,True,1,shallow,0,0.04470513314008713,0.011995033867211284,True,1.0,,,unifull6,['exp:585ae05cca37/2162f487']
sym_018114,univariate_regression,SGD,0.0003,silu,True,4,early,3,0.0569479264318943,0.013529543913586737,True,1.2738565446935006,0.20378784309546868,,unifull6,['exp:585ae05cca37/71677685']
sym_018114,univariate_regression,SGD,0.0003,silu,True,4,middle,1,0.04667309876531363,0.011768389722491201,True,1.0440210214576415,0.17182888662919893,,unifull6,['exp:585ae05cca37/2bf9549a']
sym_018114,univariate_regression,SGD,0.0003,silu,True,4,last,0,0.04236502666026354,0.011330903024146364,True,0.9476546357106089,0.16055772397024287,,unifull7,['exp:c2ab94532971/34554459']
sym_018114,univariate_regression,SGD,0.0003,silu,True,4,dense,0,0.017632019333541395,0.006463393507698488,True,0.39440704221347567,0.07918452193784407,,unifull7,['exp:c2ab94532971/9fbfce5a']
sym_018114,univariate_regression,SGD,0.0003,silu,True,5,early,4,0.06064164079725742,0.021505005528345826,True,1.3564804875366765,0.26721385871292375,,unifull7,['exp:c2ab94532971/3383eda9']
sym_018114,univariate_regression,SGD,0.0003,silu,True,5,middle,2,0.05534365437924862,0.01634317920830355,True,1.2379709105400676,0.22064562875670257,,unifull7,['exp:c2ab94532971/021433f6']
sym_018114,univariate_regression,SGD,0.0003,silu,True,5,last,0,0.04130492601543665,0.010992839586270632,True,0.9239414607267659,0.15615435987648812,,unifull7,['exp:c2ab94532971/4279851e']
sym_018114,univariate_regression,SGD,0.0003,silu,True,5,dense,0,0.0154405502602458,0.006701877910967924,True,0.34538651773749546,0.07671215623323865,,unifull7,['exp:c2ab94532971/e23e397e']
sym_018114,univariate_regression,SGD,0.0003,relu,False,1,shallow,0,0.043073243275284764,0.010987783744951563,True,1.0,,,unifull7,['exp:c2ab94532971/05357286']
sym_018114,univariate_regression,SGD,0.0003,relu,False,4,early,3,0.11827746778726578,0.012669404176546733,True,2.745961501699429,0.3145259181092547,,unifull7,['exp:c2ab94532971/7766a816']
sym_018114,univariate_regression,SGD,0.0003,relu,False,4,middle,1,0.054708432778716086,0.009055233611091491,True,1.2701256886803214,0.16893895596313566,,unifull7,['exp:c2ab94532971/f42bc728']
sym_018114,univariate_regression,SGD,0.0003,relu,False,4,last,0,0.030261290445923805,0.012539974644471034,True,0.7025542574660868,0.14873764840130954,,unifull7,['exp:c2ab94532971/3e7e5604']
sym_018114,univariate_regression,SGD,0.0003,relu,False,4,dense,0,0.005103623098693788,0.002086321012592452,True,0.11848708642801979,0.024875138134158106,,unifull7,['exp:c2ab94532971/b3f6bd47']
sym_018114,univariate_regression,SGD,0.0003,relu,False,5,early,4,0.12000495716929435,0.019530979316238727,True,2.7860673597837167,0.3681363247899693,,unifull7,['exp:c2ab94532971/3ba8af04']
sym_018114,univariate_regression,SGD,0.0003,relu,False,5,middle,2,0.09365495964884758,0.010928346982681416,True,2.174318730778891,0.2556303116854944,,unifull8,['exp:c4fde9a8dc92/2b917341']
sym_018114,univariate_regression,SGD,0.0003,relu,False,5,last,0,0.04655662067234516,0.010134592504162168,True,1.0808710264699093,0.16159636969367952,,unifull8,['exp:c4fde9a8dc92/297d4805']
sym_018114,univariate_regression,SGD,0.0003,relu,False,5,dense,0,0.0030941842938773333,0.001449191535822911,True,0.07183541471679154,0.016434262182342618,,unifull8,['exp:c4fde9a8dc92/e8b6c944']
sym_018114,univariate_regression,SGD,0.0003,relu,True,1,shallow,0,0.029214921407401562,0.010174305988391353,True,1.0,,,unifull8,['exp:c4fde9a8dc92/b80d74a1']
sym_018114,univariate_regression,SGD,0.0003,relu,True,4,early,3,0.014535855501890182,0.0032281746599647334,True,0.49754901952971,0.08973673662920612,,unifull8,['exp:c4fde9a8dc92/d778f746']
sym_018114,univariate_regression,SGD,0.0003,relu,True,4,middle,1,0.014943911787122488,0.0048647130719296165,True,0.5115164124089161,0.10898914333038104,,unifull8,['exp:c4fde9a8dc92/77f5a30f']
sym_018114,univariate_regression,SGD,0.0003,relu,True,4,last,0,0.016666983254253864,0.004909261599124947,True,0.570495570459803,0.1159666363278988,,unifull8,['exp:c4fde9a8dc92/5179b946']
sym_018114,univariate_regression,SGD,0.0003,relu,True,4,dense,0,0.005973149451892823,0.002601935371640665,True,0.20445543455679238,0.0506802228359097,,unifull8,['exp:c4fde9a8dc92/9de3adcb']
sym_018114,univariate_regression,SGD,0.0003,relu,True,5,early,4,0.010400897404178978,0.003789269837483191,True,0.3560131913120233,0.08022299466769363,,unifull8,['exp:c4fde9a8dc92/073183b9']
sym_018114,univariate_regression,SGD,0.0003,relu,True,5,middle,2,0.011356558231636883,0.0033754861033922,True,0.3887245860863317,0.07934658197381203,,unifull8,['exp:c4fde9a8dc92/3ee8d8fe']
sym_018114,univariate_regression,SGD,0.0003,relu,True,5,last,0,0.014065599022433161,0.005792456102853527,True,0.4814525709752435,0.115720318761443,,unifull8,['exp:c4fde9a8dc92/3bfd980a']
sym_018114,univariate_regression,SGD,0.0003,relu,True,5,dense,0,0.003245443489868194,0.0017614046503782385,True,0.11108855795333289,0.03129979899696555,,unifull8,['exp:c4fde9a8dc92/4e1f9955']
